CREATE DATABASE  IF NOT EXISTS `fashionity` /*!40100 DEFAULT CHARACTER SET utf8mb4 COLLATE utf8mb4_0900_ai_ci */ /*!80016 DEFAULT ENCRYPTION='N' */;
USE `fashionity`;
-- MySQL dump 10.13  Distrib 8.0.33, for Win64 (x86_64)
--
-- Host: i9a108.p.ssafy.io    Database: fashionity
-- ------------------------------------------------------
-- Server version	8.1.0

/*!40101 SET @OLD_CHARACTER_SET_CLIENT=@@CHARACTER_SET_CLIENT */;
/*!40101 SET @OLD_CHARACTER_SET_RESULTS=@@CHARACTER_SET_RESULTS */;
/*!40101 SET @OLD_COLLATION_CONNECTION=@@COLLATION_CONNECTION */;
/*!50503 SET NAMES utf8 */;
/*!40103 SET @OLD_TIME_ZONE=@@TIME_ZONE */;
/*!40103 SET TIME_ZONE='+00:00' */;
/*!40014 SET @OLD_UNIQUE_CHECKS=@@UNIQUE_CHECKS, UNIQUE_CHECKS=0 */;
/*!40014 SET @OLD_FOREIGN_KEY_CHECKS=@@FOREIGN_KEY_CHECKS, FOREIGN_KEY_CHECKS=0 */;
/*!40101 SET @OLD_SQL_MODE=@@SQL_MODE, SQL_MODE='NO_AUTO_VALUE_ON_ZERO' */;
/*!40111 SET @OLD_SQL_NOTES=@@SQL_NOTES, SQL_NOTES=0 */;

--
-- Table structure for table `alarms`
--

DROP TABLE IF EXISTS `alarms`;
/*!40101 SET @saved_cs_client     = @@character_set_client */;
/*!50503 SET character_set_client = utf8mb4 */;
CREATE TABLE `alarms` (
  `alarm_seq` bigint NOT NULL AUTO_INCREMENT,
  `created_at` datetime(6) DEFAULT NULL,
  `deleted_at` datetime(6) DEFAULT NULL,
  `updated_at` datetime(6) DEFAULT NULL,
  `alarm_type` varchar(255) DEFAULT NULL,
  `is_readed` bit(1) DEFAULT NULL,
  `comment_seq` bigint DEFAULT NULL,
  `owner_seq` bigint DEFAULT NULL,
  `post_seq` bigint DEFAULT NULL,
  `publisher_seq` bigint DEFAULT NULL,
  PRIMARY KEY (`alarm_seq`),
  KEY `FKb64x2gnqjyqe42q6jf5lhr641` (`comment_seq`),
  KEY `FK1y7x0xh5dup523a5n22jfkbbm` (`owner_seq`),
  KEY `FK46dy8efafiy4875gfrnbm85an` (`post_seq`),
  KEY `FKs58fkvci4gata67i0lkr1f8p0` (`publisher_seq`),
  CONSTRAINT `FK1y7x0xh5dup523a5n22jfkbbm` FOREIGN KEY (`owner_seq`) REFERENCES `members` (`member_seq`),
  CONSTRAINT `FK46dy8efafiy4875gfrnbm85an` FOREIGN KEY (`post_seq`) REFERENCES `posts` (`post_seq`),
  CONSTRAINT `FKb64x2gnqjyqe42q6jf5lhr641` FOREIGN KEY (`comment_seq`) REFERENCES `comments` (`comment_seq`),
  CONSTRAINT `FKs58fkvci4gata67i0lkr1f8p0` FOREIGN KEY (`publisher_seq`) REFERENCES `members` (`member_seq`)
) ENGINE=InnoDB AUTO_INCREMENT=369 DEFAULT CHARSET=utf8mb4 COLLATE=utf8mb4_0900_ai_ci;
/*!40101 SET character_set_client = @saved_cs_client */;

--
-- Dumping data for table `alarms`
--

LOCK TABLES `alarms` WRITE;
/*!40000 ALTER TABLE `alarms` DISABLE KEYS */;
INSERT INTO `alarms` VALUES (1,'2023-08-17 05:20:25.993549','2023-08-17 05:29:06.000000','2023-08-17 05:20:25.993549','COMMENT_POST',_binary '\0',1,1,2,1),(2,'2023-08-17 05:20:27.293995','2023-08-17 05:29:12.000000','2023-08-17 05:20:27.293995','COMMENT_POST',_binary '\0',2,1,2,1),(3,'2023-08-17 05:20:27.790870','2023-08-17 05:29:06.000000','2023-08-17 05:20:27.790870','COMMENT_LIKE',_binary '\0',1,1,2,1),(4,'2023-08-17 05:20:29.903435','2023-08-17 05:29:12.000000','2023-08-17 05:20:29.903435','COMMENT_LIKE',_binary '\0',2,1,2,1),(5,'2023-08-17 05:20:31.376324','2023-08-17 05:29:06.000000','2023-08-17 05:20:31.376324','COMMENT_LIKE',_binary '\0',1,1,2,1),(6,'2023-08-17 05:20:31.736535','2023-08-17 05:29:06.000000','2023-08-17 05:20:31.736535','COMMENT_LIKE',_binary '\0',1,1,2,1),(7,'2023-08-17 05:29:36.435945','2023-08-17 05:29:43.000000','2023-08-17 05:29:36.435945','POST_LIKE',_binary '\0',NULL,2,1,2),(8,'2023-08-17 05:30:08.641084','2023-08-17 05:33:05.000000','2023-08-17 05:30:08.641084','COMMENT_POST',_binary '\0',3,1,3,2),(9,'2023-08-17 05:30:09.924267','2023-08-17 05:33:05.000000','2023-08-17 05:30:09.924267','COMMENT_POST',_binary '\0',4,1,3,2),(10,'2023-08-17 05:30:15.859185','2023-08-17 05:33:05.000000','2023-08-17 05:30:15.859185','COMMENT_LIKE',_binary '\0',3,1,3,1),(11,'2023-08-17 05:30:16.471907','2023-08-17 05:33:05.000000','2023-08-17 05:30:16.471907','COMMENT_LIKE',_binary '\0',4,1,3,1),(12,'2023-08-17 05:30:35.880995','2023-08-17 05:33:05.000000','2023-08-17 05:30:35.880995','POST_LIKE',_binary '\0',NULL,1,3,2),(13,'2023-08-17 05:30:45.740058','2023-08-17 05:33:05.000000','2023-08-17 05:30:45.740058','COMMENT_LIKE',_binary '\0',4,1,3,1),(14,'2023-08-17 05:30:54.217567','2023-08-17 05:33:05.000000','2023-08-17 05:30:54.217567','COMMENT_LIKE',_binary '\0',3,1,3,1),(15,'2023-08-17 05:31:16.431765','2023-08-17 05:33:05.000000','2023-08-17 05:31:16.431765','POST_LIKE',_binary '\0',NULL,1,3,2),(16,'2023-08-17 05:31:21.230189','2023-08-17 05:33:05.000000','2023-08-17 05:33:01.239332','COMMENT_LIKE',_binary '',3,1,3,1),(17,'2023-08-17 05:31:33.060867','2023-08-17 07:38:09.000000','2023-08-17 05:31:33.060867','POST_LIKE',_binary '\0',NULL,2,4,1),(18,'2023-08-17 05:31:37.207331','2023-08-17 07:38:09.000000','2023-08-17 05:31:37.207331','COMMENT_POST',_binary '\0',5,2,4,1),(19,'2023-08-17 05:31:41.471208','2023-08-17 07:38:09.000000','2023-08-17 05:31:41.471208','COMMENT_LIKE',_binary '\0',5,2,4,1),(20,'2023-08-17 05:32:46.836991',NULL,'2023-08-17 05:32:46.836991','FOLLOW',_binary '\0',NULL,2,NULL,1),(21,'2023-08-17 05:33:47.953550','2023-08-17 07:38:09.000000','2023-08-17 05:33:47.953550','COMMENT_POST',_binary '\0',6,2,4,1),(22,'2023-08-17 05:33:58.293334','2023-08-17 07:38:09.000000','2023-08-17 05:33:58.293334','COMMENT_POST',_binary '\0',7,2,4,1),(23,'2023-08-17 05:34:03.636122','2023-08-17 07:38:09.000000','2023-08-17 05:34:03.636122','COMMENT_LIKE',_binary '\0',7,2,4,1),(24,'2023-08-17 05:42:04.343300',NULL,'2023-08-17 05:42:04.343300','POST_LIKE',_binary '\0',NULL,1,5,1),(25,'2023-08-17 05:42:05.571024',NULL,'2023-08-17 05:42:05.571024','COMMENT_POST',_binary '\0',8,1,5,1),(26,'2023-08-17 05:42:07.044335',NULL,'2023-08-17 05:42:07.044335','COMMENT_LIKE',_binary '\0',8,1,5,1),(27,'2023-08-17 07:38:40.304476',NULL,'2023-08-17 07:38:40.304476','POST_LIKE',_binary '\0',NULL,2,39,2),(28,'2023-08-17 18:04:28.318171',NULL,'2023-08-17 18:04:28.318171','POST_LIKE',_binary '\0',NULL,2,39,1),(29,'2023-08-17 18:04:55.119275',NULL,'2023-08-17 18:04:55.119275','POST_LIKE',_binary '\0',NULL,8,34,1),(30,'2023-08-17 18:04:56.491993',NULL,'2023-08-17 18:04:56.491993','POST_LIKE',_binary '\0',NULL,7,27,1),(31,'2023-08-17 18:04:57.619151',NULL,'2023-08-17 18:04:57.619151','POST_LIKE',_binary '\0',NULL,6,25,1),(32,'2023-08-17 18:04:58.950348',NULL,'2023-08-17 18:04:58.950348','POST_LIKE',_binary '\0',NULL,5,22,1),(33,'2023-08-17 18:05:44.018566',NULL,'2023-08-17 18:05:44.018566','FOLLOW',_binary '\0',NULL,5,NULL,1),(34,'2023-08-17 18:11:21.250638',NULL,'2023-08-17 18:11:21.250638','POST_LIKE',_binary '\0',NULL,2,39,15),(35,'2023-08-17 18:11:39.836424',NULL,'2023-08-17 18:11:39.836424','POST_LIKE',_binary '\0',NULL,14,42,10),(36,'2023-08-17 18:11:42.444617',NULL,'2023-08-17 18:11:42.444617','FOLLOW',_binary '\0',NULL,14,NULL,10),(37,'2023-08-17 18:11:56.895098',NULL,'2023-08-17 18:11:56.895098','POST_LIKE',_binary '\0',NULL,14,42,15),(38,'2023-08-17 18:12:36.179960',NULL,'2023-08-17 18:12:36.179960','POST_LIKE',_binary '\0',NULL,14,42,16),(39,'2023-08-17 18:12:39.434809',NULL,'2023-08-17 18:12:39.434809','COMMENT_POST',_binary '\0',9,14,42,10),(40,'2023-08-17 18:13:20.992512',NULL,'2023-08-17 18:13:20.992512','POST_LIKE',_binary '\0',NULL,14,42,11),(41,'2023-08-17 18:13:29.649614',NULL,'2023-08-17 18:13:29.649614','POST_LIKE',_binary '\0',NULL,8,34,11),(42,'2023-08-17 18:13:58.181599',NULL,'2023-08-17 18:13:58.181599','POST_LIKE',_binary '\0',NULL,1,5,11),(43,'2023-08-17 18:14:05.298154',NULL,'2023-08-17 18:14:05.298154','POST_LIKE',_binary '\0',NULL,6,26,15),(44,'2023-08-17 18:14:37.128020',NULL,'2023-08-17 18:14:37.128020','COMMENT_POST',_binary '\0',10,1,5,11),(45,'2023-08-17 18:14:38.992988',NULL,'2023-08-17 18:14:38.992988','COMMENT_LIKE',_binary '\0',8,1,5,11),(46,'2023-08-17 18:14:42.610367',NULL,'2023-08-17 18:14:42.610367','COMMENT_LIKE',_binary '\0',10,11,5,11),(47,'2023-08-17 18:14:44.532761',NULL,'2023-08-17 18:14:44.532761','COMMENT_LIKE',_binary '\0',8,1,5,11),(48,'2023-08-17 18:14:55.639411',NULL,'2023-08-17 18:14:55.639411','COMMENT_LIKE',_binary '\0',8,1,5,11),(49,'2023-08-17 18:15:20.501768',NULL,'2023-08-17 18:15:20.501768','POST_LIKE',_binary '\0',NULL,5,20,11),(50,'2023-08-17 18:15:25.682185',NULL,'2023-08-17 18:15:25.682185','POST_LIKE',_binary '\0',NULL,5,18,11),(51,'2023-08-17 18:15:40.233216',NULL,'2023-08-17 18:15:40.233216','POST_LIKE',_binary '\0',NULL,15,43,11),(52,'2023-08-17 18:15:46.965261',NULL,'2023-08-17 18:15:46.965261','POST_LIKE',_binary '\0',NULL,4,17,11),(53,'2023-08-17 18:16:01.902224',NULL,'2023-08-17 18:16:01.902224','POST_LIKE',_binary '\0',NULL,3,9,11),(54,'2023-08-17 18:16:07.125227',NULL,'2023-08-17 18:16:07.125227','POST_LIKE',_binary '\0',NULL,4,13,11),(55,'2023-08-17 18:16:11.965267',NULL,'2023-08-17 18:16:11.965267','POST_LIKE',_binary '\0',NULL,3,8,11),(56,'2023-08-17 18:16:24.338318',NULL,'2023-08-17 18:16:24.338318','POST_LIKE',_binary '\0',NULL,4,15,11),(57,'2023-08-17 18:16:30.701046',NULL,'2023-08-17 18:16:30.701046','POST_LIKE',_binary '\0',NULL,5,19,11),(58,'2023-08-17 18:16:36.893833',NULL,'2023-08-17 18:16:36.893833','FOLLOW',_binary '\0',NULL,5,NULL,11),(59,'2023-08-17 18:16:42.402267',NULL,'2023-08-17 18:16:42.402267','COMMENT_POST',_binary '\0',11,5,19,11),(60,'2023-08-17 18:18:18.929782',NULL,'2023-08-17 18:18:18.929782','POST_LIKE',_binary '\0',NULL,14,42,12),(61,'2023-08-17 18:18:38.956238',NULL,'2023-08-17 18:18:38.956238','FOLLOW',_binary '\0',NULL,14,NULL,12),(62,'2023-08-17 18:18:44.342408',NULL,'2023-08-17 18:18:44.342408','POST_LIKE',_binary '\0',NULL,1,5,12),(63,'2023-08-17 18:19:17.484605','2023-08-17 23:47:51.000000','2023-08-17 18:19:17.484605','POST_LIKE',_binary '\0',NULL,16,46,12),(64,'2023-08-17 18:19:19.568769',NULL,'2023-08-17 18:19:19.568769','FOLLOW',_binary '\0',NULL,16,NULL,12),(65,'2023-08-17 18:19:31.444368','2023-08-17 23:47:51.000000','2023-08-17 18:19:31.444368','COMMENT_POST',_binary '\0',12,16,46,12),(66,'2023-08-17 18:24:16.023026',NULL,'2023-08-17 18:24:16.023026','POST_LIKE',_binary '\0',NULL,12,52,1),(67,'2023-08-17 18:26:05.111754',NULL,'2023-08-17 18:26:05.111754','POST_LIKE',_binary '\0',NULL,14,55,1),(68,'2023-08-17 18:26:12.709646',NULL,'2023-08-17 18:26:12.709646','POST_LIKE',_binary '\0',NULL,3,9,1),(69,'2023-08-17 18:26:18.042536',NULL,'2023-08-17 18:26:18.042536','POST_LIKE',_binary '\0',NULL,16,44,1),(70,'2023-08-17 18:43:45.876906',NULL,'2023-08-17 18:43:45.876906','POST_LIKE',_binary '\0',NULL,15,59,15),(71,'2023-08-17 20:06:58.562769',NULL,'2023-08-17 20:06:58.562769','POST_LIKE',_binary '\0',NULL,14,62,17),(72,'2023-08-17 20:09:45.664636',NULL,'2023-08-17 20:09:45.664636','POST_LIKE',_binary '\0',NULL,2,39,14),(73,'2023-08-17 20:09:47.356432',NULL,'2023-08-17 20:09:47.356432','POST_LIKE',_binary '\0',NULL,1,5,14),(74,'2023-08-17 20:09:48.796908',NULL,'2023-08-17 20:09:48.796908','POST_LIKE',_binary '\0',NULL,8,34,14),(75,'2023-08-17 20:09:51.556573',NULL,'2023-08-17 20:09:51.556573','POST_LIKE',_binary '\0',NULL,3,9,14),(76,'2023-08-17 20:09:53.082592',NULL,'2023-08-17 20:09:53.082592','POST_LIKE',_binary '\0',NULL,15,59,14),(77,'2023-08-17 20:09:55.535835',NULL,'2023-08-17 20:09:55.535835','POST_LIKE',_binary '\0',NULL,16,44,14),(78,'2023-08-17 20:09:56.975575','2023-08-17 23:47:51.000000','2023-08-17 20:09:56.975575','POST_LIKE',_binary '\0',NULL,16,46,14),(79,'2023-08-17 20:10:14.793198',NULL,'2023-08-17 20:10:14.793198','FOLLOW',_binary '\0',NULL,8,NULL,14),(80,'2023-08-17 20:10:18.664922',NULL,'2023-08-17 20:10:18.664922','FOLLOW',_binary '\0',NULL,2,NULL,14),(81,'2023-08-17 20:10:23.912743',NULL,'2023-08-17 20:10:23.912743','FOLLOW',_binary '\0',NULL,1,NULL,14),(82,'2023-08-17 20:10:29.844689',NULL,'2023-08-17 20:10:29.844689','FOLLOW',_binary '\0',NULL,15,NULL,14),(83,'2023-08-17 20:10:36.974418',NULL,'2023-08-17 20:10:36.974418','FOLLOW',_binary '\0',NULL,5,NULL,14),(84,'2023-08-17 20:10:47.144418',NULL,'2023-08-17 20:10:47.144418','FOLLOW',_binary '\0',NULL,4,NULL,14),(85,'2023-08-17 20:10:58.343596',NULL,'2023-08-17 20:10:58.343596','FOLLOW',_binary '\0',NULL,7,NULL,14),(86,'2023-08-17 20:12:50.282047','2023-08-17 23:29:52.000000','2023-08-17 20:12:50.282047','POST_LIKE',_binary '\0',NULL,17,64,14),(87,'2023-08-17 20:12:52.110930',NULL,'2023-08-17 20:12:52.110930','FOLLOW',_binary '\0',NULL,17,NULL,14),(88,'2023-08-17 20:20:03.067414','2023-08-17 23:29:52.000000','2023-08-17 20:20:03.067414','POST_LIKE',_binary '\0',NULL,17,64,18),(89,'2023-08-17 20:20:05.639144','2023-08-17 23:29:56.000000','2023-08-17 20:20:05.639144','POST_LIKE',_binary '\0',NULL,17,63,18),(90,'2023-08-17 20:20:11.105583',NULL,'2023-08-17 20:20:11.105583','POST_LIKE',_binary '\0',NULL,15,59,18),(91,'2023-08-17 20:20:13.757849',NULL,'2023-08-17 20:20:13.757849','POST_LIKE',_binary '\0',NULL,1,56,18),(92,'2023-08-17 20:20:16.127848',NULL,'2023-08-17 20:20:16.127848','POST_LIKE',_binary '\0',NULL,12,52,18),(93,'2023-08-17 20:20:24.437143',NULL,'2023-08-17 20:20:24.437143','POST_LIKE',_binary '\0',NULL,15,41,18),(94,'2023-08-17 20:20:42.143290','2023-08-17 23:29:52.000000','2023-08-17 20:20:42.143290','COMMENT_POST',_binary '\0',13,17,64,18),(95,'2023-08-17 20:21:00.567476','2023-08-17 23:29:56.000000','2023-08-17 20:21:00.567476','COMMENT_POST',_binary '\0',14,17,63,18),(96,'2023-08-17 20:21:12.496879',NULL,'2023-08-17 20:21:12.496879','COMMENT_POST',_binary '\0',15,15,59,18),(97,'2023-08-17 20:21:20.306465','2023-08-17 23:47:51.000000','2023-08-17 20:21:20.306465','POST_LIKE',_binary '\0',NULL,16,46,18),(98,'2023-08-17 20:21:29.946586',NULL,'2023-08-17 20:21:29.946586','POST_LIKE',_binary '\0',NULL,1,51,18),(99,'2023-08-17 20:21:38.146654',NULL,'2023-08-17 20:21:38.146654','COMMENT_POST',_binary '\0',16,1,51,18),(100,'2023-08-17 20:25:43.124817',NULL,'2023-08-17 20:25:43.124817','POST_LIKE',_binary '\0',NULL,2,39,18),(101,'2023-08-17 20:25:47.334690',NULL,'2023-08-17 20:25:47.334690','POST_LIKE',_binary '\0',NULL,5,20,18),(102,'2023-08-17 20:25:50.004520',NULL,'2023-08-17 20:25:50.004520','POST_LIKE',_binary '\0',NULL,20,75,18),(103,'2023-08-17 20:25:54.334530',NULL,'2023-08-17 20:25:54.334530','POST_LIKE',_binary '\0',NULL,3,7,18),(104,'2023-08-17 20:25:55.842324',NULL,'2023-08-17 20:25:55.842324','POST_LIKE',_binary '\0',NULL,3,10,18),(105,'2023-08-17 20:25:57.054104',NULL,'2023-08-17 20:25:57.054104','POST_LIKE',_binary '\0',NULL,3,6,18),(106,'2023-08-17 20:25:58.154180',NULL,'2023-08-17 20:25:58.154180','POST_LIKE',_binary '\0',NULL,3,11,18),(107,'2023-08-17 20:25:59.014387',NULL,'2023-08-17 20:25:59.014387','POST_LIKE',_binary '\0',NULL,3,12,18),(108,'2023-08-17 20:25:59.943891',NULL,'2023-08-17 20:25:59.943891','POST_LIKE',_binary '\0',NULL,4,14,18),(109,'2023-08-17 20:26:00.844974',NULL,'2023-08-17 20:26:00.844974','POST_LIKE',_binary '\0',NULL,4,16,18),(110,'2023-08-17 20:26:02.404459',NULL,'2023-08-17 20:26:02.404459','POST_LIKE',_binary '\0',NULL,7,28,18),(111,'2023-08-17 20:26:03.353944',NULL,'2023-08-17 20:26:03.353944','POST_LIKE',_binary '\0',NULL,6,24,18),(112,'2023-08-17 20:26:04.344388',NULL,'2023-08-17 20:26:04.344388','POST_LIKE',_binary '\0',NULL,5,23,18),(113,'2023-08-17 20:26:05.443874',NULL,'2023-08-17 20:26:05.443874','POST_LIKE',_binary '\0',NULL,5,21,18),(114,'2023-08-17 20:26:07.007207',NULL,'2023-08-17 20:26:07.007207','POST_LIKE',_binary '\0',NULL,7,29,18),(115,'2023-08-17 20:26:08.054236',NULL,'2023-08-17 20:26:08.054236','POST_LIKE',_binary '\0',NULL,7,30,18),(116,'2023-08-17 20:26:09.374337',NULL,'2023-08-17 20:26:09.374337','POST_LIKE',_binary '\0',NULL,7,31,18),(117,'2023-08-17 20:26:10.811846',NULL,'2023-08-17 20:26:10.811846','POST_LIKE',_binary '\0',NULL,8,32,18),(118,'2023-08-17 20:26:14.331856',NULL,'2023-08-17 20:26:14.331856','POST_LIKE',_binary '\0',NULL,8,37,18),(119,'2023-08-17 20:26:15.364118',NULL,'2023-08-17 20:26:15.364118','POST_LIKE',_binary '\0',NULL,8,36,18),(120,'2023-08-17 20:26:16.344064',NULL,'2023-08-17 20:26:16.344064','POST_LIKE',_binary '\0',NULL,8,35,18),(121,'2023-08-17 20:26:24.083695',NULL,'2023-08-17 20:26:24.083695','POST_LIKE',_binary '\0',NULL,8,33,18),(122,'2023-08-17 20:26:26.131495',NULL,'2023-08-17 20:26:26.131495','POST_LIKE',_binary '\0',NULL,8,38,18),(123,'2023-08-17 20:26:27.843585',NULL,'2023-08-17 20:26:27.843585','POST_LIKE',_binary '\0',NULL,1,45,18),(124,'2023-08-17 20:26:28.843814',NULL,'2023-08-17 20:26:28.843814','POST_LIKE',_binary '\0',NULL,14,47,18),(125,'2023-08-17 20:26:29.723934',NULL,'2023-08-17 20:26:29.723934','POST_LIKE',_binary '\0',NULL,14,48,18),(126,'2023-08-17 20:26:31.343909',NULL,'2023-08-17 20:26:31.343909','POST_LIKE',_binary '\0',NULL,12,54,18),(127,'2023-08-17 20:26:33.191708',NULL,'2023-08-17 20:26:33.191708','POST_LIKE',_binary '\0',NULL,1,53,18),(128,'2023-08-17 20:26:42.231211',NULL,'2023-08-17 20:26:42.231211','POST_LIKE',_binary '\0',NULL,1,49,18),(129,'2023-08-17 20:26:47.681734',NULL,'2023-08-17 20:26:47.681734','POST_LIKE',_binary '\0',NULL,14,48,18),(130,'2023-08-17 20:26:56.843338',NULL,'2023-08-17 20:26:56.843338','POST_LIKE',_binary '\0',NULL,19,72,18),(131,'2023-08-17 20:27:10.841629',NULL,'2023-08-17 20:27:10.841629','POST_LIKE',_binary '\0',NULL,4,15,18),(132,'2023-08-17 20:27:41.087356',NULL,'2023-08-17 20:27:41.087356','POST_LIKE',_binary '\0',NULL,18,76,20),(133,'2023-08-17 20:27:42.983618',NULL,'2023-08-17 20:27:42.983618','POST_LIKE',_binary '\0',NULL,18,71,20),(134,'2023-08-17 20:27:45.188196',NULL,'2023-08-17 20:27:45.188196','POST_LIKE',_binary '\0',NULL,18,70,20),(135,'2023-08-17 20:28:04.290816',NULL,'2023-08-17 20:28:04.290816','POST_LIKE',_binary '\0',NULL,18,76,19),(136,'2023-08-17 20:28:06.144050',NULL,'2023-08-17 20:28:06.144050','POST_LIKE',_binary '\0',NULL,18,71,19),(137,'2023-08-17 20:28:09.340513',NULL,'2023-08-17 20:28:09.340513','POST_LIKE',_binary '\0',NULL,18,70,19),(138,'2023-08-17 20:28:11.319565',NULL,'2023-08-17 20:28:11.319565','POST_LIKE',_binary '\0',NULL,18,68,19),(139,'2023-08-17 20:28:13.108758',NULL,'2023-08-17 20:28:13.108758','POST_LIKE',_binary '\0',NULL,14,65,19),(140,'2023-08-17 20:28:15.783097',NULL,'2023-08-17 20:28:15.783097','POST_LIKE',_binary '\0',NULL,14,60,19),(141,'2023-08-17 20:28:16.888208',NULL,'2023-08-17 20:28:16.888208','POST_LIKE',_binary '\0',NULL,15,59,19),(142,'2023-08-17 20:30:15.296983',NULL,'2023-08-17 20:30:15.296983','POST_LIKE',_binary '\0',NULL,21,79,20),(143,'2023-08-17 20:30:33.244380',NULL,'2023-08-17 20:30:33.244380','COMMENT_POST',_binary '\0',17,21,79,20),(144,'2023-08-17 20:30:47.218877',NULL,'2023-08-17 20:30:47.218877','COMMENT_POST',_binary '\0',18,15,59,20),(145,'2023-08-17 20:31:08.439327',NULL,'2023-08-17 20:31:08.439327','COMMENT_POST',_binary '\0',19,2,39,20),(146,'2023-08-17 20:31:17.955886',NULL,'2023-08-17 20:31:17.955886','COMMENT_POST',_binary '\0',20,14,42,20),(147,'2023-08-17 20:31:30.839373',NULL,'2023-08-17 20:31:30.839373','COMMENT_POST',_binary '\0',21,1,5,20),(148,'2023-08-17 20:31:47.962720',NULL,'2023-08-17 20:31:47.962720','COMMENT_POST',_binary '\0',22,18,76,20),(149,'2023-08-17 20:31:55.734846',NULL,'2023-08-17 20:31:55.734846','POST_LIKE',_binary '\0',NULL,20,78,21),(150,'2023-08-17 20:31:56.984903',NULL,'2023-08-17 20:31:56.984903','POST_LIKE',_binary '\0',NULL,20,77,21),(151,'2023-08-17 20:32:03.705038',NULL,'2023-08-17 20:32:03.705038','POST_LIKE',_binary '\0',NULL,20,75,21),(152,'2023-08-17 20:32:04.944995',NULL,'2023-08-17 20:32:04.944995','POST_LIKE',_binary '\0',NULL,19,74,21),(153,'2023-08-17 20:32:05.844631',NULL,'2023-08-17 20:32:05.844631','POST_LIKE',_binary '\0',NULL,19,73,21),(154,'2023-08-17 20:32:07.644877',NULL,'2023-08-17 20:32:07.644877','POST_LIKE',_binary '\0',NULL,19,72,21),(155,'2023-08-17 20:32:11.275166','2023-08-17 23:29:52.000000','2023-08-17 20:32:11.275166','POST_LIKE',_binary '\0',NULL,17,64,21),(156,'2023-08-17 20:32:12.522894','2023-08-17 23:29:56.000000','2023-08-17 20:32:12.522894','POST_LIKE',_binary '\0',NULL,17,63,21),(157,'2023-08-17 20:32:15.014659',NULL,'2023-08-17 20:32:15.014659','FOLLOW',_binary '\0',NULL,17,NULL,21),(158,'2023-08-17 20:32:20.093746',NULL,'2023-08-17 20:32:20.093746','FOLLOW',_binary '\0',NULL,20,NULL,21),(159,'2023-08-17 20:32:26.852282',NULL,'2023-08-17 20:32:26.852282','FOLLOW',_binary '\0',NULL,12,NULL,21),(160,'2023-08-17 20:32:36.232267',NULL,'2023-08-17 20:32:36.232267','POST_LIKE',_binary '\0',NULL,1,45,21),(161,'2023-08-17 20:32:37.244311',NULL,'2023-08-17 20:32:37.244311','POST_LIKE',_binary '\0',NULL,15,43,21),(162,'2023-08-17 20:32:39.334645',NULL,'2023-08-17 20:32:39.334645','POST_LIKE',_binary '\0',NULL,8,36,21),(163,'2023-08-17 20:32:44.684347',NULL,'2023-08-17 20:32:44.684347','FOLLOW',_binary '\0',NULL,8,NULL,21),(164,'2023-08-17 20:32:49.523946',NULL,'2023-08-17 20:32:49.523946','FOLLOW',_binary '\0',NULL,19,NULL,21),(165,'2023-08-17 20:32:53.615485',NULL,'2023-08-17 20:32:53.615485','POST_LIKE',_binary '\0',NULL,14,42,17),(166,'2023-08-17 20:32:54.244469',NULL,'2023-08-17 20:32:54.244469','POST_LIKE',_binary '\0',NULL,3,9,21),(167,'2023-08-17 20:32:57.064039',NULL,'2023-08-17 20:32:57.064039','FOLLOW',_binary '\0',NULL,3,NULL,21),(168,'2023-08-17 20:33:01.294233',NULL,'2023-08-17 20:33:01.294233','COMMENT_POST',_binary '\0',23,14,42,17),(169,'2023-08-17 20:33:11.546228',NULL,'2023-08-17 20:33:11.546228','COMMENT_LIKE',_binary '\0',19,20,39,17),(170,'2023-08-17 20:33:26.705985',NULL,'2023-08-17 20:33:26.705985','COMMENT_POST',_binary '\0',24,15,59,17),(171,'2023-08-17 20:34:08.345121',NULL,'2023-08-17 20:34:08.345121','COMMENT_POST',_binary '\0',25,20,75,17),(172,'2023-08-17 20:34:15.025344',NULL,'2023-08-17 20:34:15.025344','FOLLOW',_binary '\0',NULL,14,NULL,17),(173,'2023-08-17 20:35:01.239741','2023-08-17 23:29:52.000000','2023-08-17 20:35:01.239741','COMMENT_LIKE',_binary '\0',13,18,64,17),(174,'2023-08-17 20:35:08.464690',NULL,'2023-08-17 20:35:08.464690','POST_LIKE',_binary '\0',NULL,15,59,21),(175,'2023-08-17 20:35:17.377371',NULL,'2023-08-17 20:35:17.377371','POST_LIKE',_binary '\0',NULL,21,82,17),(176,'2023-08-17 20:35:26.844350',NULL,'2023-08-17 20:35:26.844350','COMMENT_POST',_binary '\0',26,21,82,17),(177,'2023-08-17 20:35:31.302160',NULL,'2023-08-17 20:35:31.302160','FOLLOW',_binary '\0',NULL,2,NULL,18),(178,'2023-08-17 20:35:33.782887',NULL,'2023-08-17 20:35:33.782887','FOLLOW',_binary '\0',NULL,14,NULL,18),(179,'2023-08-17 20:35:38.454019',NULL,'2023-08-17 20:35:38.454019','FOLLOW',_binary '\0',NULL,3,NULL,18),(180,'2023-08-17 20:35:41.775493',NULL,'2023-08-17 20:35:41.775493','COMMENT_POST',_binary '\0',27,21,81,17),(181,'2023-08-17 20:35:41.943651',NULL,'2023-08-17 20:35:41.943651','FOLLOW',_binary '\0',NULL,17,NULL,18),(182,'2023-08-17 20:36:06.350412',NULL,'2023-08-17 20:36:06.350412','COMMENT_POST',_binary '\0',28,21,80,17),(183,'2023-08-17 20:36:31.632685',NULL,'2023-08-17 20:36:31.632685','POST_LIKE',_binary '\0',NULL,21,80,17),(184,'2023-08-17 20:36:32.675098',NULL,'2023-08-17 20:36:32.675098','POST_LIKE',_binary '\0',NULL,21,81,17),(185,'2023-08-17 20:37:10.329733',NULL,'2023-08-17 20:37:10.329733','FOLLOW',_binary '\0',NULL,21,NULL,17),(186,'2023-08-17 20:37:49.171192',NULL,'2023-08-17 20:37:49.171192','POST_LIKE',_binary '\0',NULL,14,42,22),(187,'2023-08-17 20:37:50.183050',NULL,'2023-08-17 20:37:50.183050','POST_LIKE',_binary '\0',NULL,15,59,22),(188,'2023-08-17 20:37:51.623135',NULL,'2023-08-17 20:37:51.623135','POST_LIKE',_binary '\0',NULL,2,39,22),(189,'2023-08-17 20:37:54.232730','2023-08-17 23:29:52.000000','2023-08-17 20:37:54.232730','POST_LIKE',_binary '\0',NULL,17,64,22),(190,'2023-08-17 20:38:01.693513','2023-08-17 23:29:52.000000','2023-08-17 20:38:01.693513','COMMENT_LIKE',_binary '\0',13,18,64,22),(191,'2023-08-17 20:38:21.684286','2023-08-17 23:29:52.000000','2023-08-17 20:38:21.684286','COMMENT_POST',_binary '\0',29,17,64,22),(192,'2023-08-17 20:38:56.859363',NULL,'2023-08-17 20:46:32.842816','COMMENT_POST',_binary '',30,22,83,17),(193,'2023-08-17 20:39:17.421450','2023-08-17 23:29:52.000000','2023-08-17 20:46:41.131682','COMMENT_LIKE',_binary '',29,22,64,17),(194,'2023-08-17 20:39:18.602638',NULL,'2023-08-17 20:39:18.602638','COMMENT_POST',_binary '\0',31,8,32,22),(195,'2023-08-17 20:39:23.452558',NULL,'2023-08-17 20:39:23.452558','FOLLOW',_binary '\0',NULL,2,NULL,17),(196,'2023-08-17 20:39:25.503117','2023-08-17 23:47:51.000000','2023-08-17 20:39:25.503117','POST_LIKE',_binary '\0',NULL,16,46,22),(197,'2023-08-17 20:39:36.343235','2023-08-17 23:47:51.000000','2023-08-17 20:39:36.343235','COMMENT_POST',_binary '\0',32,16,46,22),(198,'2023-08-17 20:39:54.572588',NULL,'2023-08-17 20:39:54.572588','COMMENT_POST',_binary '\0',33,20,75,22),(199,'2023-08-17 20:39:55.862478',NULL,'2023-08-17 20:39:55.862478','POST_LIKE',_binary '\0',NULL,20,75,22),(200,'2023-08-17 20:39:57.672619',NULL,'2023-08-17 20:39:57.672619','COMMENT_LIKE',_binary '\0',25,17,75,22),(201,'2023-08-17 20:39:58.853436',NULL,'2023-08-17 20:39:58.853436','COMMENT_LIKE',_binary '\0',25,17,75,22),(202,'2023-08-17 20:40:01.102475',NULL,'2023-08-17 20:40:01.102475','COMMENT_LIKE',_binary '\0',25,17,75,22),(203,'2023-08-17 20:40:03.483556',NULL,'2023-08-17 20:40:03.483556','COMMENT_LIKE',_binary '\0',25,17,75,22),(204,'2023-08-17 20:40:38.352121',NULL,'2023-08-17 20:40:38.352121','FOLLOW',_binary '\0',NULL,2,NULL,22),(205,'2023-08-17 20:40:43.911617',NULL,'2023-08-17 20:40:43.911617','FOLLOW',_binary '\0',NULL,17,NULL,22),(206,'2023-08-17 20:40:48.829880',NULL,'2023-08-17 20:40:48.829880','FOLLOW',_binary '\0',NULL,16,NULL,22),(207,'2023-08-17 20:45:31.363298',NULL,'2023-08-17 20:45:31.363298','FOLLOW',_binary '\0',NULL,21,NULL,22),(208,'2023-08-17 20:45:35.594022',NULL,'2023-08-17 20:45:35.594022','POST_LIKE',_binary '\0',NULL,19,72,22),(209,'2023-08-17 20:45:38.003827',NULL,'2023-08-17 20:45:38.003827','POST_LIKE',_binary '\0',NULL,18,76,22),(210,'2023-08-17 20:45:39.104420','2023-08-17 23:29:56.000000','2023-08-17 20:45:39.104420','POST_LIKE',_binary '\0',NULL,17,63,22),(211,'2023-08-17 20:46:36.632939',NULL,'2023-08-17 20:46:36.632939','COMMENT_LIKE',_binary '\0',30,17,83,22),(212,'2023-08-17 20:46:55.144470',NULL,'2023-08-17 20:46:55.144470','COMMENT_POST',_binary '\0',34,2,39,22),(213,'2023-08-17 20:47:17.655009','2023-08-17 23:47:51.000000','2023-08-17 20:47:17.655009','COMMENT_LIKE',_binary '\0',12,12,46,22),(214,'2023-08-17 20:47:41.644684',NULL,'2023-08-17 20:47:41.644684','POST_LIKE',_binary '\0',NULL,1,5,22),(215,'2023-08-17 20:47:47.124571','2023-08-17 20:48:19.000000','2023-08-17 20:47:47.124571','COMMENT_POST',_binary '\0',35,1,5,22),(216,'2023-08-17 20:47:54.646087','2023-08-17 20:48:09.000000','2023-08-17 20:47:54.646087','COMMENT_POST',_binary '\0',36,1,5,22),(217,'2023-08-17 20:48:00.124887',NULL,'2023-08-17 20:48:00.124887','COMMENT_POST',_binary '\0',37,1,5,22),(218,'2023-08-17 20:48:44.495242',NULL,'2023-08-17 20:48:44.495242','POST_LIKE',_binary '\0',NULL,7,31,22),(219,'2023-08-17 20:48:51.366092',NULL,'2023-08-17 20:48:51.366092','COMMENT_POST',_binary '\0',38,7,31,22),(220,'2023-08-17 20:49:09.868474',NULL,'2023-08-17 20:49:09.868474','COMMENT_POST',_binary '\0',39,8,34,22),(221,'2023-08-17 20:51:51.035707',NULL,'2023-08-17 20:51:51.035707','POST_LIKE',_binary '\0',NULL,24,94,23),(222,'2023-08-17 20:51:52.884502',NULL,'2023-08-17 20:51:52.884502','FOLLOW',_binary '\0',NULL,24,NULL,23),(223,'2023-08-17 20:51:58.823067',NULL,'2023-08-17 20:51:58.823067','COMMENT_POST',_binary '\0',40,24,94,23),(224,'2023-08-17 20:52:25.455440',NULL,'2023-08-17 20:52:25.455440','COMMENT_POST',_binary '\0',41,2,39,23),(225,'2023-08-17 20:52:28.701097',NULL,'2023-08-17 20:52:28.701097','POST_LIKE',_binary '\0',NULL,2,39,23),(226,'2023-08-17 20:52:30.590447',NULL,'2023-08-17 20:52:30.590447','FOLLOW',_binary '\0',NULL,2,NULL,23),(227,'2023-08-17 20:52:37.684779',NULL,'2023-08-17 20:52:37.684779','POST_LIKE',_binary '\0',NULL,20,75,23),(228,'2023-08-17 20:52:38.915122',NULL,'2023-08-17 20:52:38.915122','POST_LIKE',_binary '\0',NULL,19,72,23),(229,'2023-08-17 20:52:43.204900',NULL,'2023-08-17 20:52:43.204900','POST_LIKE',_binary '\0',NULL,15,43,23),(230,'2023-08-17 20:52:50.195528',NULL,'2023-08-17 20:52:50.195528','COMMENT_POST',_binary '\0',42,15,43,23),(231,'2023-08-17 20:53:02.654663',NULL,'2023-08-17 20:56:25.273179','COMMENT_POST',_binary '',43,23,95,24),(232,'2023-08-17 20:53:13.375156','2023-08-17 23:29:56.000000','2023-08-17 20:53:13.375156','POST_LIKE',_binary '\0',NULL,17,63,23),(233,'2023-08-17 20:53:21.822472',NULL,'2023-08-17 20:53:21.822472','POST_LIKE',_binary '\0',NULL,14,42,24),(234,'2023-08-17 20:53:23.339502',NULL,'2023-08-17 20:53:23.339502','POST_LIKE',_binary '\0',NULL,2,39,24),(235,'2023-08-17 20:53:25.421366',NULL,'2023-08-17 20:53:25.421366','POST_LIKE',_binary '\0',NULL,15,59,24),(236,'2023-08-17 20:53:26.856086',NULL,'2023-08-17 20:53:26.856086','POST_LIKE',_binary '\0',NULL,1,5,24),(237,'2023-08-17 20:54:05.705045',NULL,'2023-08-17 20:54:05.705045','POST_LIKE',_binary '\0',NULL,16,44,23),(238,'2023-08-17 21:00:56.006013',NULL,'2023-08-17 21:00:56.006013','POST_LIKE',_binary '\0',NULL,14,42,26),(239,'2023-08-17 21:00:57.338963',NULL,'2023-08-17 21:00:57.338963','POST_LIKE',_binary '\0',NULL,2,39,26),(240,'2023-08-17 21:00:58.754677',NULL,'2023-08-17 21:00:58.754677','POST_LIKE',_binary '\0',NULL,15,59,26),(241,'2023-08-17 21:02:12.514841',NULL,'2023-08-17 21:02:12.514841','POST_LIKE',_binary '\0',NULL,24,97,27),(242,'2023-08-17 21:02:13.905204',NULL,'2023-08-17 21:02:13.905204','POST_LIKE',_binary '\0',NULL,24,98,27),(243,'2023-08-17 21:02:17.700462',NULL,'2023-08-17 21:02:17.700462','FOLLOW',_binary '\0',NULL,24,NULL,27),(244,'2023-08-17 21:02:30.633037',NULL,'2023-08-17 21:02:30.633037','POST_LIKE',_binary '\0',NULL,17,87,27),(245,'2023-08-17 21:02:33.290237',NULL,'2023-08-17 21:02:33.290237','FOLLOW',_binary '\0',NULL,17,NULL,27),(246,'2023-08-17 21:02:40.775130',NULL,'2023-08-17 21:02:40.775130','COMMENT_POST',_binary '\0',44,17,84,27),(247,'2023-08-17 21:02:46.415677',NULL,'2023-08-17 21:02:46.415677','POST_LIKE',_binary '\0',NULL,27,102,26),(248,'2023-08-17 21:02:46.555154',NULL,'2023-08-17 21:02:46.555154','COMMENT_POST',_binary '\0',45,17,89,27),(249,'2023-08-17 21:02:48.413428',NULL,'2023-08-17 21:02:48.413428','POST_LIKE',_binary '\0',NULL,17,89,27),(250,'2023-08-17 21:02:56.305546',NULL,'2023-08-17 21:02:56.305546','FOLLOW',_binary '\0',NULL,8,NULL,27),(251,'2023-08-17 21:03:09.961524',NULL,'2023-08-17 21:03:09.961524','FOLLOW',_binary '\0',NULL,21,NULL,27),(252,'2023-08-17 21:03:28.335272',NULL,'2023-08-17 21:03:28.335272','POST_LIKE',_binary '\0',NULL,16,44,27),(253,'2023-08-17 21:03:32.477888',NULL,'2023-08-17 21:03:32.477888','COMMENT_POST',_binary '\0',46,16,44,27),(254,'2023-08-17 21:05:07.644800',NULL,'2023-08-17 21:05:07.644800','POST_LIKE',_binary '\0',NULL,26,106,27),(255,'2023-08-17 21:05:10.510357',NULL,'2023-08-17 21:05:10.510357','FOLLOW',_binary '\0',NULL,26,NULL,27),(256,'2023-08-17 21:05:13.748997',NULL,'2023-08-17 21:05:13.748997','POST_LIKE',_binary '\0',NULL,27,107,26),(257,'2023-08-17 21:05:18.335211',NULL,'2023-08-17 21:05:18.335211','COMMENT_POST',_binary '\0',47,26,106,27),(258,'2023-08-17 21:05:18.437421',NULL,'2023-08-17 21:05:18.437421','COMMENT_POST',_binary '\0',48,27,107,26),(259,'2023-08-17 21:05:22.399907',NULL,'2023-08-17 21:05:22.399907','COMMENT_POST',_binary '\0',49,27,107,26),(260,'2023-08-17 21:05:25.994936',NULL,'2023-08-17 21:05:25.994936','COMMENT_POST',_binary '\0',50,27,107,26),(261,'2023-08-17 21:05:33.325518',NULL,'2023-08-17 21:05:33.325518','COMMENT_POST',_binary '\0',51,26,105,27),(262,'2023-08-17 21:05:51.558151',NULL,'2023-08-17 21:05:51.558151','POST_LIKE',_binary '\0',NULL,17,89,26),(263,'2023-08-17 21:05:54.555770',NULL,'2023-08-17 21:05:54.555770','POST_LIKE',_binary '\0',NULL,17,86,26),(264,'2023-08-17 21:06:04.605341',NULL,'2023-08-17 21:06:04.605341','POST_LIKE',_binary '\0',NULL,1,45,27),(265,'2023-08-17 21:06:11.455035',NULL,'2023-08-17 21:06:11.455035','COMMENT_POST',_binary '\0',52,1,45,27),(266,'2023-08-17 21:06:21.205447',NULL,'2023-08-17 21:06:21.205447','COMMENT_LIKE',_binary '\0',9,10,42,27),(267,'2023-08-17 21:06:30.324735',NULL,'2023-08-17 21:06:30.324735','POST_LIKE',_binary '\0',NULL,5,20,27),(268,'2023-08-17 21:06:32.324743',NULL,'2023-08-17 21:06:32.324743','COMMENT_POST',_binary '\0',53,5,20,27),(269,'2023-08-17 21:07:46.882770',NULL,'2023-08-17 21:07:46.882770','POST_LIKE',_binary '\0',NULL,26,104,27),(270,'2023-08-17 21:08:00.664361',NULL,'2023-08-17 21:08:00.664361','FOLLOW',_binary '\0',NULL,4,NULL,27),(271,'2023-08-17 21:08:11.395061',NULL,'2023-08-17 21:08:11.395061','POST_LIKE',_binary '\0',NULL,22,83,27),(272,'2023-08-17 21:08:12.395032',NULL,'2023-08-17 21:08:12.395032','POST_LIKE',_binary '\0',NULL,18,69,27),(273,'2023-08-17 21:08:14.274814',NULL,'2023-08-17 21:08:14.274814','POST_LIKE',_binary '\0',NULL,17,84,27),(274,'2023-08-17 21:08:20.854167',NULL,'2023-08-17 21:08:20.854167','FOLLOW',_binary '\0',NULL,19,NULL,27),(275,'2023-08-17 21:08:25.293906',NULL,'2023-08-17 21:08:25.293906','FOLLOW',_binary '\0',NULL,14,NULL,27),(276,'2023-08-17 21:14:37.302195',NULL,'2023-08-17 21:14:37.302195','POST_LIKE',_binary '\0',NULL,26,106,27),(277,'2023-08-17 21:19:50.648067',NULL,'2023-08-17 21:19:50.648067','POST_LIKE',_binary '\0',NULL,18,70,28),(278,'2023-08-17 21:19:51.696286',NULL,'2023-08-17 21:19:51.696286','POST_LIKE',_binary '\0',NULL,12,52,28),(279,'2023-08-17 21:19:53.158529',NULL,'2023-08-17 21:19:53.158529','POST_LIKE',_binary '\0',NULL,4,15,28),(280,'2023-08-17 21:19:54.168204',NULL,'2023-08-17 21:19:54.168204','POST_LIKE',_binary '\0',NULL,7,31,28),(281,'2023-08-17 21:19:55.854030',NULL,'2023-08-17 21:19:55.854030','POST_LIKE',_binary '\0',NULL,27,102,28),(282,'2023-08-17 21:19:57.128383',NULL,'2023-08-17 21:19:57.128383','POST_LIKE',_binary '\0',NULL,24,98,28),(283,'2023-08-17 21:19:58.658062',NULL,'2023-08-17 21:19:58.658062','POST_LIKE',_binary '\0',NULL,26,104,28),(284,'2023-08-17 21:19:59.887831',NULL,'2023-08-17 21:19:59.887831','POST_LIKE',_binary '\0',NULL,26,106,28),(285,'2023-08-17 21:20:03.978219',NULL,'2023-08-17 21:20:03.978219','POST_LIKE',_binary '\0',NULL,2,39,28),(286,'2023-08-17 21:20:05.075953',NULL,'2023-08-17 21:20:05.075953','POST_LIKE',_binary '\0',NULL,15,59,28),(287,'2023-08-17 21:20:06.188096',NULL,'2023-08-17 21:20:06.188096','POST_LIKE',_binary '\0',NULL,1,5,28),(288,'2023-08-17 21:20:08.006738','2023-08-17 23:29:56.000000','2023-08-17 21:20:08.006738','POST_LIKE',_binary '\0',NULL,17,63,28),(289,'2023-08-17 21:20:09.118491','2023-08-17 23:29:52.000000','2023-08-17 21:20:09.118491','POST_LIKE',_binary '\0',NULL,17,64,28),(290,'2023-08-17 21:20:10.168469',NULL,'2023-08-17 21:20:10.168469','POST_LIKE',_binary '\0',NULL,19,72,28),(291,'2023-08-17 21:20:11.168351',NULL,'2023-08-17 21:20:11.168351','POST_LIKE',_binary '\0',NULL,20,75,28),(292,'2023-08-17 21:20:12.669133','2023-08-17 23:47:51.000000','2023-08-17 21:20:12.669133','POST_LIKE',_binary '\0',NULL,16,46,28),(293,'2023-08-17 21:20:13.678982',NULL,'2023-08-17 21:20:13.678982','POST_LIKE',_binary '\0',NULL,16,44,28),(294,'2023-08-17 21:20:14.858461',NULL,'2023-08-17 21:20:14.858461','POST_LIKE',_binary '\0',NULL,3,9,28),(295,'2023-08-17 21:20:16.138545',NULL,'2023-08-17 21:20:16.138545','POST_LIKE',_binary '\0',NULL,18,76,28),(296,'2023-08-17 21:20:23.740087',NULL,'2023-08-17 21:20:23.740087','POST_LIKE',_binary '\0',NULL,21,82,28),(297,'2023-08-17 21:20:25.746677',NULL,'2023-08-17 21:20:25.746677','POST_LIKE',_binary '\0',NULL,14,60,28),(298,'2023-08-17 21:20:26.968517',NULL,'2023-08-17 21:20:26.968517','POST_LIKE',_binary '\0',NULL,1,56,28),(299,'2023-08-17 21:21:04.207496',NULL,'2023-08-17 21:21:04.207496','COMMENT_POST',_binary '\0',54,3,9,28),(300,'2023-08-17 21:21:08.398529',NULL,'2023-08-17 21:21:08.398529','FOLLOW',_binary '\0',NULL,17,NULL,28),(301,'2023-08-17 21:21:13.059005',NULL,'2023-08-17 21:21:13.059005','FOLLOW',_binary '\0',NULL,20,NULL,28),(302,'2023-08-17 21:21:15.338938',NULL,'2023-08-17 21:21:15.338938','FOLLOW',_binary '\0',NULL,1,NULL,28),(303,'2023-08-17 21:21:18.598826',NULL,'2023-08-17 21:21:18.598826','FOLLOW',_binary '\0',NULL,15,NULL,28),(304,'2023-08-17 21:21:26.408761',NULL,'2023-08-17 21:21:26.408761','FOLLOW',_binary '\0',NULL,24,NULL,28),(305,'2023-08-17 21:31:24.503731',NULL,'2023-08-17 21:31:24.503731','FOLLOW',_binary '\0',NULL,17,NULL,29),(306,'2023-08-17 21:35:36.315740',NULL,'2023-08-17 21:35:36.315740','POST_LIKE',_binary '\0',NULL,17,122,29),(307,'2023-08-17 21:35:44.776594',NULL,'2023-08-17 21:35:44.776594','POST_LIKE',_binary '\0',NULL,17,124,29),(308,'2023-08-17 21:35:51.178573',NULL,'2023-08-17 21:35:51.178573','POST_LIKE',_binary '\0',NULL,15,59,17),(309,'2023-08-17 21:35:51.735537',NULL,'2023-08-17 21:35:51.735537','POST_LIKE',_binary '\0',NULL,26,105,29),(310,'2023-08-17 21:35:52.729770',NULL,'2023-08-17 21:35:52.729770','POST_LIKE',_binary '\0',NULL,26,106,29),(311,'2023-08-17 21:36:02.953824',NULL,'2023-08-17 21:36:02.953824','POST_LIKE',_binary '\0',NULL,29,123,17),(312,'2023-08-17 21:36:05.510696',NULL,'2023-08-17 21:36:05.510696','POST_LIKE',_binary '\0',NULL,29,120,17),(313,'2023-08-17 21:36:08.795762',NULL,'2023-08-17 21:36:08.795762','POST_LIKE',_binary '\0',NULL,20,78,29),(314,'2023-08-17 21:36:09.385218',NULL,'2023-08-17 21:36:09.385218','POST_LIKE',_binary '\0',NULL,29,119,17),(315,'2023-08-17 21:36:10.755733',NULL,'2023-08-17 21:36:10.755733','POST_LIKE',_binary '\0',NULL,19,74,29),(316,'2023-08-17 21:36:22.573260',NULL,'2023-08-17 21:36:22.573260','COMMENT_POST',_binary '\0',55,27,109,17),(317,'2023-08-17 21:36:32.725396',NULL,'2023-08-17 21:36:32.725396','COMMENT_POST',_binary '\0',56,2,39,17),(318,'2023-08-17 21:36:44.760439','2023-08-17 21:36:53.000000','2023-08-17 21:36:44.760439','COMMENT_POST',_binary '\0',57,15,59,17),(319,'2023-08-17 21:38:37.586308',NULL,'2023-08-17 21:38:37.586308','POST_LIKE',_binary '\0',NULL,17,126,29),(320,'2023-08-17 21:38:41.754032',NULL,'2023-08-17 21:38:41.754032','POST_LIKE',_binary '\0',NULL,17,121,29),(321,'2023-08-17 21:38:46.196255',NULL,'2023-08-17 21:38:46.196255','POST_LIKE',_binary '\0',NULL,21,82,29),(322,'2023-08-17 22:14:29.297910',NULL,'2023-08-17 22:14:29.297910','POST_LIKE',_binary '\0',NULL,21,82,15),(323,'2023-08-17 22:14:35.827368',NULL,'2023-08-17 22:14:35.827368','POST_LIKE',_binary '\0',NULL,18,70,15),(324,'2023-08-17 22:14:37.756991',NULL,'2023-08-17 22:14:37.756991','POST_LIKE',_binary '\0',NULL,12,52,15),(325,'2023-08-17 22:14:44.357079',NULL,'2023-08-17 22:14:44.357079','POST_LIKE',_binary '\0',NULL,27,102,15),(326,'2023-08-17 22:14:49.204289',NULL,'2023-08-17 22:14:49.204289','POST_LIKE',_binary '\0',NULL,18,71,15),(327,'2023-08-17 22:14:50.994161',NULL,'2023-08-17 22:14:50.994161','POST_LIKE',_binary '\0',NULL,14,60,15),(328,'2023-08-17 22:14:54.979345',NULL,'2023-08-17 22:14:54.979345','POST_LIKE',_binary '\0',NULL,1,56,15),(329,'2023-08-17 22:14:59.185081',NULL,'2023-08-17 22:14:59.185081','COMMENT_POST',_binary '\0',58,1,56,15),(330,'2023-08-17 22:15:05.472092',NULL,'2023-08-17 22:15:05.472092','COMMENT_POST',_binary '\0',59,1,56,15),(331,'2023-08-17 22:15:14.306815',NULL,'2023-08-17 22:15:14.306815','COMMENT_POST',_binary '\0',60,15,59,15),(332,'2023-08-17 22:15:30.387130',NULL,'2023-08-17 22:15:30.387130','COMMENT_POST',_binary '\0',61,1,5,15),(333,'2023-08-17 22:15:43.947705',NULL,'2023-08-17 22:15:43.947705','POST_LIKE',_binary '\0',NULL,19,72,15),(334,'2023-08-17 23:29:09.001169',NULL,'2023-08-17 23:29:09.001169','POST_LIKE',_binary '\0',NULL,17,134,29),(335,'2023-08-17 23:29:12.760904',NULL,'2023-08-17 23:29:12.760904','FOLLOW',_binary '\0',NULL,17,NULL,16),(336,'2023-08-17 23:29:22.714559',NULL,'2023-08-17 23:29:22.714559','POST_LIKE',_binary '\0',NULL,17,130,29),(337,'2023-08-17 23:35:28.926575',NULL,'2023-08-17 23:35:28.926575','FOLLOW',_binary '\0',NULL,29,NULL,23),(338,'2023-08-17 23:35:30.815310',NULL,'2023-08-17 23:35:30.815310','POST_LIKE',_binary '\0',NULL,29,138,23),(339,'2023-08-17 23:36:01.606790',NULL,'2023-08-17 23:36:01.606790','COMMENT_POST',_binary '\0',62,29,138,23),(340,'2023-08-17 23:36:08.323953',NULL,'2023-08-17 23:36:08.323953','POST_LIKE',_binary '\0',NULL,29,139,23),(341,'2023-08-17 23:36:10.157313',NULL,'2023-08-17 23:36:10.157313','POST_LIKE',_binary '\0',NULL,29,136,23),(342,'2023-08-17 23:36:10.899492',NULL,'2023-08-17 23:36:10.899492','POST_LIKE',_binary '\0',NULL,29,137,23),(343,'2023-08-17 23:36:11.935516',NULL,'2023-08-17 23:36:11.935516','POST_LIKE',_binary '\0',NULL,29,135,23),(344,'2023-08-17 23:36:12.881319',NULL,'2023-08-17 23:36:12.881319','POST_LIKE',_binary '\0',NULL,17,134,23),(345,'2023-08-17 23:36:13.802022',NULL,'2023-08-17 23:36:13.802022','POST_LIKE',_binary '\0',NULL,17,133,23),(346,'2023-08-17 23:36:14.782483',NULL,'2023-08-17 23:36:14.782483','POST_LIKE',_binary '\0',NULL,29,132,23),(347,'2023-08-17 23:36:16.795036',NULL,'2023-08-17 23:36:16.795036','POST_LIKE',_binary '\0',NULL,29,131,23),(348,'2023-08-17 23:36:18.108877',NULL,'2023-08-17 23:36:18.108877','POST_LIKE',_binary '\0',NULL,17,130,23),(349,'2023-08-17 23:36:19.799730',NULL,'2023-08-17 23:36:19.799730','POST_LIKE',_binary '\0',NULL,17,126,23),(350,'2023-08-17 23:36:21.249864',NULL,'2023-08-17 23:36:21.249864','POST_LIKE',_binary '\0',NULL,17,122,23),(351,'2023-08-17 23:36:22.342388',NULL,'2023-08-17 23:36:22.342388','POST_LIKE',_binary '\0',NULL,17,118,23),(352,'2023-08-17 23:36:23.422152',NULL,'2023-08-17 23:36:23.422152','POST_LIKE',_binary '\0',NULL,17,117,23),(353,'2023-08-17 23:36:24.607771',NULL,'2023-08-17 23:36:24.607771','POST_LIKE',_binary '\0',NULL,28,113,23),(354,'2023-08-17 23:36:26.300820',NULL,'2023-08-17 23:36:26.300820','POST_LIKE',_binary '\0',NULL,27,109,23),(355,'2023-08-17 23:36:27.898833',NULL,'2023-08-17 23:36:27.898833','POST_LIKE',_binary '\0',NULL,28,110,23),(356,'2023-08-17 23:56:53.425521',NULL,'2023-08-17 23:56:53.425521','POST_LIKE',_binary '\0',NULL,15,59,16),(357,'2023-08-17 23:56:54.177523',NULL,'2023-08-17 23:56:54.177523','POST_LIKE',_binary '\0',NULL,2,39,16),(358,'2023-08-17 23:56:55.162636',NULL,'2023-08-17 23:56:55.162636','POST_LIKE',_binary '\0',NULL,1,5,16),(359,'2023-08-18 00:14:34.637356',NULL,'2023-08-18 00:14:34.637356','COMMENT_POST',_binary '\0',63,15,59,8),(360,'2023-08-18 00:14:47.057259',NULL,'2023-08-18 00:14:47.057259','POST_LIKE',_binary '\0',NULL,15,59,8),(361,'2023-08-18 00:33:00.943376',NULL,'2023-08-18 00:33:00.943376','POST_LIKE',_binary '\0',NULL,2,39,37),(362,'2023-08-18 02:50:18.203853',NULL,'2023-08-18 02:50:18.203853','POST_LIKE',_binary '\0',NULL,15,59,2),(363,'2023-08-18 02:50:27.275288',NULL,'2023-08-18 02:50:27.275288','COMMENT_POST',_binary '\0',64,15,59,2),(364,'2023-08-18 02:54:34.954036',NULL,'2023-08-18 02:54:34.954036','POST_LIKE',_binary '\0',NULL,15,59,4),(365,'2023-08-18 02:54:40.215940',NULL,'2023-08-18 02:54:40.215940','COMMENT_POST',_binary '\0',65,15,59,4),(366,'2023-08-18 11:26:32.720236',NULL,'2023-08-18 11:26:32.720236','POST_LIKE',_binary '\0',NULL,26,106,36),(367,'2023-08-18 11:26:39.971989',NULL,'2023-08-18 11:26:39.971989','POST_LIKE',_binary '\0',NULL,15,59,36),(368,'2023-08-18 11:26:45.507757',NULL,'2023-08-18 11:26:45.507757','COMMENT_POST',_binary '\0',66,15,59,36);
/*!40000 ALTER TABLE `alarms` ENABLE KEYS */;
UNLOCK TABLES;

--
-- Table structure for table `comment_likes`
--

DROP TABLE IF EXISTS `comment_likes`;
/*!40101 SET @saved_cs_client     = @@character_set_client */;
/*!50503 SET character_set_client = utf8mb4 */;
CREATE TABLE `comment_likes` (
  `comment_seq` bigint NOT NULL,
  `member_seq` bigint NOT NULL,
  `created_at` datetime(6) DEFAULT NULL,
  PRIMARY KEY (`comment_seq`,`member_seq`),
  KEY `FK30mxs05hlkuwyspfsdp6j6vnm` (`member_seq`),
  CONSTRAINT `FK30mxs05hlkuwyspfsdp6j6vnm` FOREIGN KEY (`member_seq`) REFERENCES `members` (`member_seq`),
  CONSTRAINT `FK3uij4qw7gb69vuqnbkdmgnwig` FOREIGN KEY (`comment_seq`) REFERENCES `comments` (`comment_seq`)
) ENGINE=InnoDB DEFAULT CHARSET=utf8mb4 COLLATE=utf8mb4_0900_ai_ci;
/*!40101 SET character_set_client = @saved_cs_client */;

--
-- Dumping data for table `comment_likes`
--

LOCK TABLES `comment_likes` WRITE;
/*!40000 ALTER TABLE `comment_likes` DISABLE KEYS */;
INSERT INTO `comment_likes` VALUES (8,1,'2023-08-17 05:42:07.040172'),(8,11,'2023-08-17 18:14:55.637894'),(9,27,'2023-08-17 21:06:21.204574'),(10,11,'2023-08-17 18:14:42.609600'),(19,17,'2023-08-17 20:33:11.542428'),(25,22,'2023-08-17 20:40:03.482241'),(30,22,'2023-08-17 20:46:36.632027');
/*!40000 ALTER TABLE `comment_likes` ENABLE KEYS */;
UNLOCK TABLES;

--
-- Table structure for table `comment_reports`
--

DROP TABLE IF EXISTS `comment_reports`;
/*!40101 SET @saved_cs_client     = @@character_set_client */;
/*!50503 SET character_set_client = utf8mb4 */;
CREATE TABLE `comment_reports` (
  `comment_seq` bigint NOT NULL,
  `member_seq` bigint NOT NULL,
  `created_at` datetime(6) DEFAULT NULL,
  `comment_report_category` varchar(255) NOT NULL,
  `comment_report_content` varchar(255) DEFAULT NULL,
  PRIMARY KEY (`comment_seq`,`member_seq`),
  KEY `FKcr6l9oqqfdkatqwb4nlqov0wh` (`member_seq`),
  CONSTRAINT `FKcr6l9oqqfdkatqwb4nlqov0wh` FOREIGN KEY (`member_seq`) REFERENCES `members` (`member_seq`),
  CONSTRAINT `FKsanlkkvnx4rtobpxyofbu8wwp` FOREIGN KEY (`comment_seq`) REFERENCES `comments` (`comment_seq`)
) ENGINE=InnoDB DEFAULT CHARSET=utf8mb4 COLLATE=utf8mb4_0900_ai_ci;
/*!40101 SET character_set_client = @saved_cs_client */;

--
-- Dumping data for table `comment_reports`
--

LOCK TABLES `comment_reports` WRITE;
/*!40000 ALTER TABLE `comment_reports` DISABLE KEYS */;
/*!40000 ALTER TABLE `comment_reports` ENABLE KEYS */;
UNLOCK TABLES;

--
-- Table structure for table `comments`
--

DROP TABLE IF EXISTS `comments`;
/*!40101 SET @saved_cs_client     = @@character_set_client */;
/*!50503 SET character_set_client = utf8mb4 */;
CREATE TABLE `comments` (
  `comment_seq` bigint NOT NULL AUTO_INCREMENT,
  `created_at` datetime(6) DEFAULT NULL,
  `deleted_at` datetime(6) DEFAULT NULL,
  `updated_at` datetime(6) DEFAULT NULL,
  `comment_content` varchar(200) NOT NULL,
  `member_seq` bigint NOT NULL,
  `post_seq` bigint NOT NULL,
  PRIMARY KEY (`comment_seq`),
  KEY `FKctnv0eohecg628xhdskcgj5gs` (`member_seq`),
  KEY `FKlo3hvyf1d3r07go8a0f4yai1d` (`post_seq`),
  CONSTRAINT `FKctnv0eohecg628xhdskcgj5gs` FOREIGN KEY (`member_seq`) REFERENCES `members` (`member_seq`),
  CONSTRAINT `FKlo3hvyf1d3r07go8a0f4yai1d` FOREIGN KEY (`post_seq`) REFERENCES `posts` (`post_seq`)
) ENGINE=InnoDB AUTO_INCREMENT=67 DEFAULT CHARSET=utf8mb4 COLLATE=utf8mb4_0900_ai_ci;
/*!40101 SET character_set_client = @saved_cs_client */;

--
-- Dumping data for table `comments`
--

LOCK TABLES `comments` WRITE;
/*!40000 ALTER TABLE `comments` DISABLE KEYS */;
INSERT INTO `comments` VALUES (1,'2023-08-17 05:20:25.971767','2023-08-17 05:29:06.000000','2023-08-17 05:20:55.535767','fasdfsrqwerqwerqwe',1,2),(2,'2023-08-17 05:20:27.291264','2023-08-17 05:29:12.000000','2023-08-17 05:20:46.522942','afsdfasdfsa',1,2),(3,'2023-08-17 05:30:08.636417','2023-08-17 05:33:05.000000','2023-08-17 05:30:08.636417','gdgdg',2,3),(4,'2023-08-17 05:30:09.921123','2023-08-17 05:33:05.000000','2023-08-17 05:30:09.921123','asf',2,3),(5,'2023-08-17 05:31:37.204605','2023-08-17 07:38:09.000000','2023-08-17 05:31:37.204605','fasdfasd',1,4),(6,'2023-08-17 05:33:47.950415','2023-08-17 07:38:09.000000','2023-08-17 05:33:47.950415','한글도 잘됩니다',1,4),(7,'2023-08-17 05:33:58.290463','2023-08-17 07:38:09.000000','2023-08-17 05:33:58.290463','이모지도 됩니다?‍♀️',1,4),(8,'2023-08-17 05:42:05.567125',NULL,'2023-08-17 08:49:24.434136','좋은사람 좋은장소 좋은시간',1,5),(9,'2023-08-17 18:12:39.431240',NULL,'2023-08-17 18:12:39.431240','쿠쿠루삥뽕ㅋ',10,42),(10,'2023-08-17 18:14:37.125646',NULL,'2023-08-17 18:14:37.125646','이쁘다',11,5),(11,'2023-08-17 18:16:42.399949',NULL,'2023-08-17 18:16:42.399949','팔로우합니다 ㅎ',11,19),(12,'2023-08-17 18:19:31.442048','2023-08-17 23:47:51.000000','2023-08-17 18:19:44.991421','흰티 이뻐요',12,46),(13,'2023-08-17 20:20:42.139440','2023-08-17 23:29:52.000000','2023-08-17 20:20:42.139440','핑크 너무 잘어울리시는걸요!',18,64),(14,'2023-08-17 20:21:00.565403','2023-08-17 23:29:56.000000','2023-08-17 20:21:00.565403','스타일이 너무 좋으셔요~~!',18,63),(15,'2023-08-17 20:21:12.494840',NULL,'2023-08-17 20:21:12.494840','뽀시래기 귀여워',18,59),(16,'2023-08-17 20:21:38.144448',NULL,'2023-08-17 20:21:38.144448','도둑이다!',18,51),(17,'2023-08-17 20:30:33.242637',NULL,'2023-08-17 20:30:33.242637','원피스 어디서 사셨나요',20,79),(18,'2023-08-17 20:30:47.216983',NULL,'2023-08-17 20:30:47.216983','생일 축하드려요ㅎ 선팔합니다',20,59),(19,'2023-08-17 20:31:08.437497',NULL,'2023-08-17 20:31:08.437497','삭제해주세요',20,39),(20,'2023-08-17 20:31:17.954086',NULL,'2023-08-17 20:31:17.954086','원피스 정보좀요',20,42),(21,'2023-08-17 20:31:30.837396',NULL,'2023-08-17 20:31:30.837396','예쁜 사랑하세요',20,5),(22,'2023-08-17 20:31:47.960905',NULL,'2023-08-17 20:31:47.960905','승훈이가 누구야',20,76),(23,'2023-08-17 20:33:01.292471',NULL,'2023-08-17 20:33:01.292471','원피스 예뻐요',17,42),(24,'2023-08-17 20:33:26.704390',NULL,'2023-08-17 20:33:26.704390','저랑 사궈주세요',17,59),(25,'2023-08-17 20:34:08.343445',NULL,'2023-08-17 20:34:08.343445','잘생겼따 히히',17,75),(26,'2023-08-17 20:35:26.842222',NULL,'2023-08-17 20:35:26.842222','핑크 잘어울려요 저랑 사귀어주세염',17,82),(27,'2023-08-17 20:35:41.773742',NULL,'2023-08-17 20:37:00.625217','댓글 수정한 거 보여주려고 수정함',17,81),(28,'2023-08-17 20:36:06.348532',NULL,'2023-08-17 20:36:06.348532','님 넘 예뻐서 옷이 안 보여요',17,80),(29,'2023-08-17 20:38:21.682686','2023-08-17 23:29:52.000000','2023-08-17 20:38:21.682686','셔츠 정보 부탁드려요!',22,64),(30,'2023-08-17 20:38:56.857510',NULL,'2023-08-17 20:38:56.857510','하늘 너ㅁ모 조아아ㅏ아',17,83),(31,'2023-08-17 20:39:18.601002',NULL,'2023-08-17 20:39:18.601002','바지는 긴바지로 ㄱㄱ',22,32),(32,'2023-08-17 20:39:36.341469','2023-08-17 23:47:51.000000','2023-08-17 20:39:36.341469','고데기 뭘로 하신건가요?',22,46),(33,'2023-08-17 20:39:54.571029',NULL,'2023-08-17 20:39:54.571029','정말 따듯해보여요',22,75),(34,'2023-08-17 20:46:55.143010',NULL,'2023-08-17 20:47:32.144870','너무 귀엽다',22,39),(35,'2023-08-17 20:47:47.123012','2023-08-17 20:48:19.000000','2023-08-17 20:47:47.123012','잘생겼다~',22,5),(36,'2023-08-17 20:47:54.644517','2023-08-17 20:48:09.000000','2023-08-17 20:47:54.644517','잘생겼다~',22,5),(37,'2023-08-17 20:48:00.123326',NULL,'2023-08-17 20:48:00.123326','잘생겼다',22,5),(38,'2023-08-17 20:48:51.364518',NULL,'2023-08-17 20:48:58.904864','얼굴이 다했네',22,31),(39,'2023-08-17 20:49:09.866656',NULL,'2023-08-17 20:49:09.866656','바지 좀요;;',22,34),(40,'2023-08-17 20:51:58.821644',NULL,'2023-08-17 20:51:58.821644','오 구 ㅣ여워요',23,94),(41,'2023-08-17 20:52:25.454057',NULL,'2023-08-17 20:52:25.454057','공룡이 참 잘생겼네요',23,39),(42,'2023-08-17 20:52:50.193749',NULL,'2023-08-17 20:52:50.193749','반바지 엄청 편해보여요~',23,43),(43,'2023-08-17 20:53:02.653072',NULL,'2023-08-17 20:53:02.653072','패션 사진 올려주세요 게시글 신고합니다',24,95),(44,'2023-08-17 21:02:40.773705',NULL,'2023-08-17 21:02:40.773705','우왕 이뻐요',27,84),(45,'2023-08-17 21:02:46.553700',NULL,'2023-08-17 21:02:46.553700','예뿌당',27,89),(46,'2023-08-17 21:03:32.476448',NULL,'2023-08-17 21:03:32.476448','카즈하조아',27,44),(47,'2023-08-17 21:05:18.333669',NULL,'2023-08-17 21:05:18.333669','하 우식아 아무리 너여도 이건 좀.//',27,106),(48,'2023-08-17 21:05:18.435734',NULL,'2023-08-17 21:05:18.435734','예뻐요',26,107),(49,'2023-08-17 21:05:22.398260',NULL,'2023-08-17 21:05:22.398260','저랑 사귀어요',26,107),(50,'2023-08-17 21:05:25.993286',NULL,'2023-08-17 21:05:25.993286','사랑해요',26,107),(51,'2023-08-17 21:05:33.323945',NULL,'2023-08-17 21:05:33.323945','우식... 어디서 이런 옷만 구해온거야ㅠ',27,105),(52,'2023-08-17 21:06:11.453619',NULL,'2023-08-17 21:06:11.453619','기욥따',27,45),(53,'2023-08-17 21:06:32.323304',NULL,'2023-08-17 21:06:32.323304','이뿌다아아',27,20),(54,'2023-08-17 21:21:04.205916',NULL,'2023-08-17 21:21:04.205916','넘 예뻐요',28,9),(55,'2023-08-17 21:36:22.571761',NULL,'2023-08-17 21:36:22.571761','함정이다',17,109),(56,'2023-08-17 21:36:32.724099',NULL,'2023-08-17 21:36:32.724099','컨설팅 가능한가요?',17,39),(57,'2023-08-17 21:36:44.759043','2023-08-17 21:36:53.000000','2023-08-17 21:36:44.759043','생일 축하합니당',17,59),(58,'2023-08-17 22:14:59.183710',NULL,'2023-08-17 22:14:59.183710','오오오오',15,56),(59,'2023-08-17 22:15:05.470704',NULL,'2023-08-17 22:15:05.470704','오오오오오',15,56),(60,'2023-08-17 22:15:14.305836',NULL,'2023-08-17 22:15:14.305836','꺄륵',15,59),(61,'2023-08-17 22:15:30.385812',NULL,'2023-08-17 22:15:30.385812','ㅎㅎㅎ',15,5),(62,'2023-08-17 23:36:01.605483',NULL,'2023-08-17 23:36:01.605483','오늘 컨설턴트님 코디 참고해서 매칭해봤는데 너무 잘 어울리더라구용ㅎㅎㅎㅎ!!!!',23,138),(63,'2023-08-18 00:14:34.616415',NULL,'2023-08-18 00:14:34.616415','ㅋㅋㅋㅋㅋㅋㅋㅋㅋㅋㅋㅋ',8,59),(64,'2023-08-18 02:50:27.270603',NULL,'2023-08-18 02:50:27.270603','이뻐요',2,59),(65,'2023-08-18 02:54:40.213042',NULL,'2023-08-18 02:54:40.213042','이쁘네요!!!',4,59),(66,'2023-08-18 11:26:45.504067',NULL,'2023-08-18 11:26:45.504067','생일 축하드랴요',36,59);
/*!40000 ALTER TABLE `comments` ENABLE KEYS */;
UNLOCK TABLES;

--
-- Table structure for table `consultant_infos`
--

DROP TABLE IF EXISTS `consultant_infos`;
/*!40101 SET @saved_cs_client     = @@character_set_client */;
/*!50503 SET character_set_client = utf8mb4 */;
CREATE TABLE `consultant_infos` (
  `consultant_info_seq` bigint NOT NULL AUTO_INCREMENT,
  `created_at` datetime(6) DEFAULT NULL,
  `deleted_at` datetime(6) DEFAULT NULL,
  `updated_at` datetime(6) DEFAULT NULL,
  `consultant_info_level` varchar(20) NOT NULL,
  `consultant_nickname` varchar(13) NOT NULL,
  `member_seq` bigint NOT NULL,
  PRIMARY KEY (`consultant_info_seq`),
  UNIQUE KEY `UK_bya7kwcqcdx3da1lckbe54b63` (`consultant_nickname`),
  KEY `FK6rjfqngpqgrs04el13xvc7vc9` (`member_seq`),
  CONSTRAINT `FK6rjfqngpqgrs04el13xvc7vc9` FOREIGN KEY (`member_seq`) REFERENCES `members` (`member_seq`)
) ENGINE=InnoDB AUTO_INCREMENT=12 DEFAULT CHARSET=utf8mb4 COLLATE=utf8mb4_0900_ai_ci;
/*!40101 SET character_set_client = @saved_cs_client */;

--
-- Dumping data for table `consultant_infos`
--

LOCK TABLES `consultant_infos` WRITE;
/*!40000 ALTER TABLE `consultant_infos` DISABLE KEYS */;
INSERT INTO `consultant_infos` VALUES (1,'2023-08-18 00:33:38.976115',NULL,'2023-08-17 19:58:04.605229','BRONZE','tansan',17),(2,'2023-08-18 00:33:38.976115',NULL,'2023-08-17 21:27:46.159776','BRONZE','trustlee',29),(3,'2023-08-18 00:12:05.243547',NULL,'2023-08-18 00:12:05.243547','BRONZE','consulconsul',37),(4,'2023-08-18 00:33:38.976115',NULL,'2023-08-18 00:06:00.539245','BRONZE','jiwonee',36),(5,'2023-08-18 00:16:44.535482',NULL,'2023-08-18 00:16:44.535482','BRONZE','hyeonS2woo',38),(6,'2023-08-18 00:33:38.976115',NULL,'2023-08-17 20:24:22.895100','BRONZE','woojae999',20),(7,'2023-08-18 00:33:38.976115',NULL,'2023-08-17 21:54:38.976115','BRONZE','hsw225',30),(8,'2023-08-17 23:56:48.355316',NULL,'2023-08-17 23:56:48.355316','BRONZE','gusdnr',32),(9,'2023-08-17 23:59:02.306423',NULL,'2023-08-17 23:59:02.306423','BRONZE','dubidu',33),(10,'2023-08-18 00:00:17.235733',NULL,'2023-08-18 00:00:17.235733','BRONZE','opendubidu',34),(11,'2023-08-18 00:01:50.193925',NULL,'2023-08-18 00:01:50.193925','BRONZE','alcohol1',35);
/*!40000 ALTER TABLE `consultant_infos` ENABLE KEYS */;
UNLOCK TABLES;

--
-- Table structure for table `consultant_reservation_images`
--

DROP TABLE IF EXISTS `consultant_reservation_images`;
/*!40101 SET @saved_cs_client     = @@character_set_client */;
/*!50503 SET character_set_client = utf8mb4 */;
CREATE TABLE `consultant_reservation_images` (
  `image_seq` bigint NOT NULL AUTO_INCREMENT,
  `created_at` datetime(6) DEFAULT NULL,
  `image_url` text NOT NULL,
  `reservation_seq` bigint NOT NULL,
  PRIMARY KEY (`image_seq`),
  KEY `FKpeu3qem3ami1rmhfcm8y218n0` (`reservation_seq`),
  CONSTRAINT `FKpeu3qem3ami1rmhfcm8y218n0` FOREIGN KEY (`reservation_seq`) REFERENCES `reservations` (`reservation_seq`)
) ENGINE=InnoDB AUTO_INCREMENT=5 DEFAULT CHARSET=utf8mb4 COLLATE=utf8mb4_0900_ai_ci;
/*!40101 SET character_set_client = @saved_cs_client */;

--
-- Dumping data for table `consultant_reservation_images`
--

LOCK TABLES `consultant_reservation_images` WRITE;
/*!40000 ALTER TABLE `consultant_reservation_images` DISABLE KEYS */;
INSERT INTO `consultant_reservation_images` VALUES (1,'2023-08-18 01:13:59.735469','https://fashionity.s3.ap-northeast-2.amazonaws.com/2023/8/18/39962988-a38c-46ff-990c-330aaac75ed4',3),(2,'2023-08-18 01:13:59.740036','https://fashionity.s3.ap-northeast-2.amazonaws.com/2023/8/18/30847b64-08b5-425e-830c-e6f723bc7641',3),(3,'2023-08-18 01:13:59.740856','https://fashionity.s3.ap-northeast-2.amazonaws.com/2023/8/18/a1c2ae91-b109-4db7-8dac-698204a7622f',3),(4,'2023-08-18 01:13:59.741551','https://fashionity.s3.ap-northeast-2.amazonaws.com/2023/8/18/f316e947-8d92-44fd-8c08-31967914078d',3);
/*!40000 ALTER TABLE `consultant_reservation_images` ENABLE KEYS */;
UNLOCK TABLES;

--
-- Table structure for table `consultant_schedule`
--

DROP TABLE IF EXISTS `consultant_schedule`;
/*!40101 SET @saved_cs_client     = @@character_set_client */;
/*!50503 SET character_set_client = utf8mb4 */;
CREATE TABLE `consultant_schedule` (
  `schedule_seq` bigint NOT NULL AUTO_INCREMENT,
  `created_at` datetime(6) DEFAULT NULL,
  `available_datetime` datetime(6) NOT NULL,
  `cancel_reason` varchar(200) DEFAULT NULL,
  `canceled_at` datetime(6) DEFAULT NULL,
  `is_available` bit(1) DEFAULT b'1',
  `consultant_info_seq` bigint NOT NULL,
  PRIMARY KEY (`schedule_seq`),
  KEY `FK8ur013218a2t37uqb59kfl3ax` (`consultant_info_seq`),
  CONSTRAINT `FK8ur013218a2t37uqb59kfl3ax` FOREIGN KEY (`consultant_info_seq`) REFERENCES `consultant_infos` (`consultant_info_seq`)
) ENGINE=InnoDB AUTO_INCREMENT=485 DEFAULT CHARSET=utf8mb4 COLLATE=utf8mb4_0900_ai_ci;
/*!40101 SET character_set_client = @saved_cs_client */;

--
-- Dumping data for table `consultant_schedule`
--

LOCK TABLES `consultant_schedule` WRITE;
/*!40000 ALTER TABLE `consultant_schedule` DISABLE KEYS */;
INSERT INTO `consultant_schedule` VALUES (1,'2023-08-17 21:56:23.865804','2023-08-25 09:00:00.000000',NULL,NULL,_binary '',2),(2,'2023-08-17 21:56:23.870504','2023-08-25 10:00:00.000000',NULL,NULL,_binary '',2),(3,'2023-08-17 21:56:23.871145','2023-08-25 11:00:00.000000',NULL,NULL,_binary '',2),(4,'2023-08-17 21:56:23.871673','2023-08-25 12:00:00.000000',NULL,NULL,_binary '',2),(5,'2023-08-17 21:56:23.872214','2023-08-25 13:00:00.000000',NULL,NULL,_binary '',2),(6,'2023-08-17 21:56:23.872666','2023-08-25 14:00:00.000000',NULL,NULL,_binary '',2),(7,'2023-08-17 21:56:23.873169','2023-08-25 15:00:00.000000',NULL,NULL,_binary '',2),(8,'2023-08-17 21:56:23.873717','2023-08-25 16:00:00.000000',NULL,NULL,_binary '',2),(9,'2023-08-17 21:56:23.874335','2023-08-25 17:00:00.000000',NULL,NULL,_binary '',2),(10,'2023-08-17 21:56:27.146239','2023-08-18 09:00:00.000000',NULL,NULL,_binary '',1),(11,'2023-08-17 21:56:27.147045','2023-08-18 10:00:00.000000',NULL,NULL,_binary '',1),(12,'2023-08-17 21:56:27.147541','2023-08-18 11:00:00.000000',NULL,NULL,_binary '',1),(13,'2023-08-17 21:56:27.147993','2023-08-18 12:00:00.000000',NULL,NULL,_binary '',1),(14,'2023-08-17 21:56:27.148416','2023-08-18 13:00:00.000000',NULL,NULL,_binary '',1),(15,'2023-08-17 21:56:27.148827','2023-08-18 14:00:00.000000',NULL,NULL,_binary '',1),(16,'2023-08-17 21:56:27.149551','2023-08-18 15:00:00.000000',NULL,NULL,_binary '',1),(17,'2023-08-17 21:56:27.150322','2023-08-18 16:00:00.000000',NULL,NULL,_binary '',1),(18,'2023-08-17 21:56:27.150863','2023-08-18 17:00:00.000000',NULL,NULL,_binary '',1),(19,'2023-08-17 21:56:27.151361','2023-08-18 18:00:00.000000',NULL,NULL,_binary '',1),(20,'2023-08-17 21:56:55.835686','2023-08-25 09:00:00.000000',NULL,NULL,_binary '',2),(21,'2023-08-17 21:56:55.836483','2023-08-25 10:00:00.000000',NULL,NULL,_binary '',2),(22,'2023-08-17 21:56:55.836984','2023-08-25 11:00:00.000000',NULL,NULL,_binary '',2),(23,'2023-08-17 21:56:55.837493','2023-08-25 12:00:00.000000',NULL,NULL,_binary '',2),(24,'2023-08-17 21:56:55.838159','2023-08-25 13:00:00.000000',NULL,NULL,_binary '',2),(25,'2023-08-17 21:56:55.838796','2023-08-25 14:00:00.000000',NULL,NULL,_binary '',2),(26,'2023-08-17 21:56:55.839378','2023-08-25 15:00:00.000000',NULL,NULL,_binary '',2),(27,'2023-08-17 21:56:55.839879','2023-08-25 16:00:00.000000',NULL,NULL,_binary '',2),(28,'2023-08-17 21:56:55.840340','2023-08-25 17:00:00.000000',NULL,NULL,_binary '',2),(29,'2023-08-17 21:56:55.840801','2023-08-25 18:00:00.000000',NULL,NULL,_binary '',2),(30,'2023-08-17 21:57:10.517939','2023-08-18 09:00:00.000000',NULL,NULL,_binary '',1),(31,'2023-08-17 21:57:10.518778','2023-08-18 10:00:00.000000',NULL,NULL,_binary '',1),(32,'2023-08-17 21:57:10.519301','2023-08-18 11:00:00.000000',NULL,NULL,_binary '',1),(33,'2023-08-17 21:57:10.519808','2023-08-18 12:00:00.000000',NULL,NULL,_binary '',1),(34,'2023-08-17 21:57:10.520319','2023-08-18 13:00:00.000000',NULL,NULL,_binary '',1),(35,'2023-08-17 21:57:10.520851','2023-08-18 14:00:00.000000',NULL,NULL,_binary '',1),(36,'2023-08-17 21:57:10.521303','2023-08-18 15:00:00.000000',NULL,NULL,_binary '',1),(37,'2023-08-17 21:57:10.521704','2023-08-18 16:00:00.000000',NULL,NULL,_binary '',1),(38,'2023-08-17 21:57:10.522196','2023-08-18 17:00:00.000000',NULL,NULL,_binary '',1),(39,'2023-08-17 21:57:10.522665','2023-08-18 18:00:00.000000',NULL,NULL,_binary '',1),(40,'2023-08-18 00:15:59.851860','2023-08-25 01:00:00.000000',NULL,NULL,_binary '',3),(41,'2023-08-18 00:15:59.857264','2023-08-25 02:00:00.000000',NULL,NULL,_binary '',3),(42,'2023-08-18 00:15:59.858491','2023-08-25 03:00:00.000000',NULL,NULL,_binary '',3),(43,'2023-08-18 00:15:59.859369','2023-08-25 04:00:00.000000',NULL,NULL,_binary '',3),(44,'2023-08-18 00:15:59.860420','2023-08-25 05:00:00.000000',NULL,NULL,_binary '',3),(45,'2023-08-18 00:15:59.861351','2023-08-25 06:00:00.000000',NULL,NULL,_binary '',3),(46,'2023-08-18 00:15:59.862264','2023-08-25 07:00:00.000000',NULL,NULL,_binary '',3),(47,'2023-08-18 00:15:59.863364','2023-08-25 08:00:00.000000',NULL,NULL,_binary '',3),(48,'2023-08-18 00:15:59.864422','2023-08-25 09:00:00.000000',NULL,NULL,_binary '',3),(49,'2023-08-18 00:15:59.865383','2023-08-25 10:00:00.000000',NULL,NULL,_binary '',3),(50,'2023-08-18 00:15:59.866303','2023-08-25 11:00:00.000000',NULL,NULL,_binary '',3),(51,'2023-08-18 00:15:59.867220','2023-08-25 12:00:00.000000',NULL,NULL,_binary '',3),(52,'2023-08-18 00:15:59.868110','2023-08-25 13:00:00.000000',NULL,NULL,_binary '',3),(53,'2023-08-18 00:36:53.519925','2023-08-26 01:00:00.000000',NULL,NULL,_binary '',3),(54,'2023-08-18 00:36:53.521080','2023-08-26 02:00:00.000000',NULL,NULL,_binary '',3),(55,'2023-08-18 00:36:53.522145','2023-08-26 03:00:00.000000',NULL,NULL,_binary '',3),(56,'2023-08-18 00:36:53.523214','2023-08-26 04:00:00.000000',NULL,NULL,_binary '',3),(57,'2023-08-18 00:36:53.524085','2023-08-26 05:00:00.000000',NULL,NULL,_binary '',3),(58,'2023-08-18 00:36:53.524893','2023-08-26 06:00:00.000000',NULL,NULL,_binary '',3),(59,'2023-08-18 00:36:53.525719','2023-08-26 07:00:00.000000',NULL,NULL,_binary '',3),(60,'2023-08-18 00:36:53.526635','2023-08-26 08:00:00.000000',NULL,NULL,_binary '',3),(61,'2023-08-18 00:36:53.527469','2023-08-26 09:00:00.000000',NULL,NULL,_binary '',3),(62,'2023-08-18 00:36:53.528319','2023-08-26 10:00:00.000000',NULL,NULL,_binary '',3),(63,'2023-08-18 00:36:53.529218','2023-08-26 11:00:00.000000',NULL,NULL,_binary '',3),(64,'2023-08-18 00:36:53.530075','2023-08-26 12:00:00.000000',NULL,NULL,_binary '',3),(65,'2023-08-18 00:36:53.530846','2023-08-26 13:00:00.000000',NULL,NULL,_binary '',3),(66,'2023-08-18 00:36:53.531604','2023-08-26 14:00:00.000000',NULL,NULL,_binary '',3),(67,'2023-08-18 00:36:53.532518','2023-08-26 15:00:00.000000',NULL,NULL,_binary '',3),(68,'2023-08-18 00:46:47.497469','2023-08-10 08:00:00.000000',NULL,NULL,_binary '',2),(69,'2023-08-18 00:46:47.512699','2023-08-10 09:00:00.000000',NULL,NULL,_binary '',2),(70,'2023-08-18 00:46:47.513774','2023-08-10 10:00:00.000000',NULL,NULL,_binary '',2),(71,'2023-08-18 00:46:47.514763','2023-08-10 11:00:00.000000',NULL,NULL,_binary '',2),(72,'2023-08-18 00:46:47.515730','2023-08-10 12:00:00.000000',NULL,NULL,_binary '',2),(73,'2023-08-18 00:46:47.516646','2023-08-10 13:00:00.000000',NULL,NULL,_binary '',2),(74,'2023-08-18 00:46:47.517653','2023-08-10 14:00:00.000000',NULL,NULL,_binary '',2),(75,'2023-08-18 00:46:47.518973','2023-08-10 15:00:00.000000',NULL,NULL,_binary '',2),(76,'2023-08-18 00:46:47.519955','2023-08-10 16:00:00.000000',NULL,NULL,_binary '',2),(77,'2023-08-18 00:46:47.520851','2023-08-10 17:00:00.000000',NULL,NULL,_binary '',2),(78,'2023-08-18 00:47:11.286729','2023-08-10 08:00:00.000000',NULL,NULL,_binary '',2),(79,'2023-08-18 00:47:11.288011','2023-08-10 09:00:00.000000',NULL,NULL,_binary '',2),(80,'2023-08-18 00:47:11.288912','2023-08-10 10:00:00.000000',NULL,NULL,_binary '',2),(81,'2023-08-18 00:47:11.289812','2023-08-10 11:00:00.000000',NULL,NULL,_binary '',2),(82,'2023-08-18 00:47:11.290690','2023-08-10 12:00:00.000000',NULL,NULL,_binary '',2),(83,'2023-08-18 00:47:11.292122','2023-08-10 13:00:00.000000',NULL,NULL,_binary '',2),(84,'2023-08-18 00:47:11.293321','2023-08-10 14:00:00.000000',NULL,NULL,_binary '',2),(85,'2023-08-18 00:47:11.294317','2023-08-10 15:00:00.000000',NULL,NULL,_binary '',2),(86,'2023-08-18 00:47:11.295205','2023-08-10 16:00:00.000000',NULL,NULL,_binary '',2),(87,'2023-08-18 00:47:11.296233','2023-08-10 17:00:00.000000',NULL,NULL,_binary '',2),(88,'2023-08-18 00:47:27.474700','2023-08-01 09:00:00.000000',NULL,NULL,_binary '',1),(89,'2023-08-18 00:47:27.476026','2023-08-01 10:00:00.000000',NULL,NULL,_binary '',1),(90,'2023-08-18 00:47:27.476903','2023-08-01 11:00:00.000000',NULL,NULL,_binary '',1),(91,'2023-08-18 00:47:27.477743','2023-08-01 12:00:00.000000',NULL,NULL,_binary '',1),(92,'2023-08-18 00:47:27.478593','2023-08-01 13:00:00.000000',NULL,NULL,_binary '',1),(93,'2023-08-18 00:47:27.479464','2023-08-01 14:00:00.000000',NULL,NULL,_binary '',1),(94,'2023-08-18 00:47:27.480448','2023-08-01 15:00:00.000000',NULL,NULL,_binary '',1),(95,'2023-08-18 00:47:27.481383','2023-08-01 16:00:00.000000',NULL,NULL,_binary '',1),(96,'2023-08-18 00:47:27.482350','2023-08-01 17:00:00.000000',NULL,NULL,_binary '',1),(97,'2023-08-18 00:47:27.483204','2023-08-01 18:00:00.000000',NULL,NULL,_binary '',1),(98,'2023-08-18 00:48:51.227718','2023-08-10 08:00:00.000000',NULL,NULL,_binary '',2),(99,'2023-08-18 00:48:51.228956','2023-08-10 09:00:00.000000',NULL,NULL,_binary '',2),(100,'2023-08-18 00:48:51.229860','2023-08-10 10:00:00.000000',NULL,NULL,_binary '',2),(101,'2023-08-18 00:48:51.230770','2023-08-10 11:00:00.000000',NULL,NULL,_binary '',2),(102,'2023-08-18 00:48:51.231660','2023-08-10 12:00:00.000000',NULL,NULL,_binary '',2),(103,'2023-08-18 00:48:51.232657','2023-08-10 13:00:00.000000',NULL,NULL,_binary '',2),(104,'2023-08-18 00:48:51.233589','2023-08-10 14:00:00.000000',NULL,NULL,_binary '',2),(105,'2023-08-18 00:48:51.234443','2023-08-10 15:00:00.000000',NULL,NULL,_binary '',2),(106,'2023-08-18 00:48:51.235299','2023-08-10 16:00:00.000000',NULL,NULL,_binary '',2),(107,'2023-08-18 00:48:51.236261','2023-08-10 17:00:00.000000',NULL,NULL,_binary '',2),(108,'2023-08-18 00:49:27.237886','2023-08-24 09:00:00.000000',NULL,NULL,_binary '',2),(109,'2023-08-18 00:49:27.239112','2023-08-24 10:00:00.000000',NULL,NULL,_binary '',2),(110,'2023-08-18 00:49:27.239974','2023-08-24 11:00:00.000000',NULL,NULL,_binary '',2),(111,'2023-08-18 00:49:27.240844','2023-08-24 12:00:00.000000',NULL,NULL,_binary '',2),(112,'2023-08-18 00:49:27.241653','2023-08-24 13:00:00.000000',NULL,NULL,_binary '',2),(113,'2023-08-18 00:49:27.242575','2023-08-24 14:00:00.000000',NULL,NULL,_binary '',2),(114,'2023-08-18 00:49:27.243450','2023-08-24 15:00:00.000000',NULL,NULL,_binary '',2),(115,'2023-08-18 00:49:27.244295','2023-08-24 16:00:00.000000',NULL,NULL,_binary '',2),(116,'2023-08-18 00:49:27.245097','2023-08-24 17:00:00.000000',NULL,NULL,_binary '',2),(117,'2023-08-18 00:49:27.245912','2023-08-24 18:00:00.000000',NULL,NULL,_binary '',2),(118,'2023-08-18 00:50:53.843413','2023-08-23 09:00:00.000000',NULL,NULL,_binary '',2),(119,'2023-08-18 00:50:53.844607','2023-08-23 10:00:00.000000',NULL,NULL,_binary '',2),(120,'2023-08-18 00:50:53.845418','2023-08-23 11:00:00.000000',NULL,NULL,_binary '',2),(121,'2023-08-18 00:50:53.846359','2023-08-23 12:00:00.000000',NULL,NULL,_binary '',2),(122,'2023-08-18 00:50:53.847288','2023-08-23 13:00:00.000000',NULL,NULL,_binary '',2),(123,'2023-08-18 00:50:53.848298','2023-08-23 14:00:00.000000',NULL,NULL,_binary '',2),(124,'2023-08-18 00:50:53.849453','2023-08-23 15:00:00.000000',NULL,NULL,_binary '',2),(125,'2023-08-18 00:50:53.850476','2023-08-23 16:00:00.000000',NULL,NULL,_binary '',2),(126,'2023-08-18 00:50:53.851304','2023-08-23 17:00:00.000000',NULL,NULL,_binary '',2),(127,'2023-08-18 00:50:53.852154','2023-08-23 18:00:00.000000',NULL,NULL,_binary '',2),(128,'2023-08-18 00:53:07.410340','2023-08-10 09:00:00.000000',NULL,NULL,_binary '',2),(129,'2023-08-18 00:53:07.411594','2023-08-10 10:00:00.000000',NULL,NULL,_binary '',2),(130,'2023-08-18 00:53:07.412413','2023-08-10 11:00:00.000000',NULL,NULL,_binary '',2),(131,'2023-08-18 00:53:07.413278','2023-08-10 12:00:00.000000',NULL,NULL,_binary '',2),(132,'2023-08-18 00:53:07.414149','2023-08-10 13:00:00.000000',NULL,NULL,_binary '',2),(133,'2023-08-18 00:53:07.414979','2023-08-10 14:00:00.000000',NULL,NULL,_binary '',2),(134,'2023-08-18 00:53:07.415771','2023-08-10 15:00:00.000000',NULL,NULL,_binary '',2),(135,'2023-08-18 00:53:07.416618','2023-08-10 16:00:00.000000',NULL,NULL,_binary '',2),(136,'2023-08-18 00:53:07.417601','2023-08-10 17:00:00.000000',NULL,NULL,_binary '',2),(137,'2023-08-18 00:53:07.418482','2023-08-10 18:00:00.000000',NULL,NULL,_binary '',2),(138,'2023-08-18 00:55:00.806652','2023-08-19 08:00:00.000000',NULL,NULL,_binary '',2),(139,'2023-08-18 00:55:00.807900','2023-08-19 09:00:00.000000',NULL,NULL,_binary '',2),(140,'2023-08-18 00:55:00.808756','2023-08-19 10:00:00.000000',NULL,NULL,_binary '',2),(141,'2023-08-18 00:55:00.809537','2023-08-19 11:00:00.000000',NULL,NULL,_binary '',2),(142,'2023-08-18 00:55:00.810416','2023-08-19 12:00:00.000000',NULL,NULL,_binary '',2),(143,'2023-08-18 00:55:00.811250','2023-08-19 13:00:00.000000',NULL,NULL,_binary '',2),(144,'2023-08-18 00:55:00.812108','2023-08-19 14:00:00.000000',NULL,NULL,_binary '',2),(145,'2023-08-18 00:55:00.813028','2023-08-19 15:00:00.000000',NULL,NULL,_binary '',2),(146,'2023-08-18 00:55:00.813920','2023-08-19 16:00:00.000000',NULL,NULL,_binary '',2),(147,'2023-08-18 00:55:00.814749','2023-08-19 17:00:00.000000',NULL,NULL,_binary '',2),(148,'2023-08-18 00:55:00.815500','2023-08-19 18:00:00.000000',NULL,NULL,_binary '',2),(149,'2023-08-18 00:55:00.816420','2023-08-19 19:00:00.000000',NULL,NULL,_binary '',2),(150,'2023-08-18 00:55:00.817269','2023-08-19 20:00:00.000000',NULL,NULL,_binary '',2),(151,'2023-08-18 00:55:00.818065','2023-08-19 21:00:00.000000',NULL,NULL,_binary '',2),(152,'2023-08-18 00:55:00.818817','2023-08-19 22:00:00.000000',NULL,NULL,_binary '',2),(153,'2023-08-18 00:58:11.181797','2023-08-18 08:00:00.000000',NULL,NULL,_binary '',2),(154,'2023-08-18 00:58:11.216458','2023-08-18 09:00:00.000000',NULL,NULL,_binary '',2),(155,'2023-08-18 00:58:11.217752','2023-08-18 10:00:00.000000',NULL,NULL,_binary '',2),(156,'2023-08-18 00:58:11.218811','2023-08-18 11:00:00.000000',NULL,NULL,_binary '',2),(157,'2023-08-18 00:58:11.219800','2023-08-18 12:00:00.000000',NULL,NULL,_binary '',2),(158,'2023-08-18 00:58:11.220748','2023-08-18 13:00:00.000000',NULL,NULL,_binary '',2),(159,'2023-08-18 00:58:11.221711','2023-08-18 14:00:00.000000',NULL,NULL,_binary '',2),(160,'2023-08-18 00:58:11.223033','2023-08-18 15:00:00.000000',NULL,NULL,_binary '',2),(161,'2023-08-18 00:58:11.224002','2023-08-18 16:00:00.000000',NULL,NULL,_binary '',2),(162,'2023-08-18 00:58:11.224956','2023-08-18 17:00:00.000000',NULL,NULL,_binary '',2),(163,'2023-08-18 00:58:11.225936','2023-08-18 18:00:00.000000',NULL,NULL,_binary '',2),(164,'2023-08-18 00:59:19.169914','2023-08-09 06:00:00.000000',NULL,NULL,_binary '',2),(165,'2023-08-18 00:59:19.171254','2023-08-09 07:00:00.000000',NULL,NULL,_binary '',2),(166,'2023-08-18 00:59:19.172122','2023-08-09 08:00:00.000000',NULL,NULL,_binary '',2),(167,'2023-08-18 00:59:19.173008','2023-08-09 09:00:00.000000',NULL,NULL,_binary '',2),(168,'2023-08-18 00:59:19.174547','2023-08-09 10:00:00.000000',NULL,NULL,_binary '',2),(169,'2023-08-18 00:59:19.175705','2023-08-09 11:00:00.000000',NULL,NULL,_binary '',2),(170,'2023-08-18 00:59:19.176750','2023-08-09 12:00:00.000000',NULL,NULL,_binary '',2),(171,'2023-08-18 00:59:19.177868','2023-08-09 13:00:00.000000',NULL,NULL,_binary '',2),(172,'2023-08-18 00:59:19.178895','2023-08-09 14:00:00.000000',NULL,NULL,_binary '',2),(173,'2023-08-18 00:59:19.179902','2023-08-09 15:00:00.000000',NULL,NULL,_binary '',2),(174,'2023-08-18 00:59:19.180788','2023-08-09 16:00:00.000000',NULL,NULL,_binary '',2),(175,'2023-08-18 00:59:19.181895','2023-08-09 17:00:00.000000',NULL,NULL,_binary '',2),(176,'2023-08-18 00:59:19.182855','2023-08-09 18:00:00.000000',NULL,NULL,_binary '',2),(177,'2023-08-18 00:59:19.183770','2023-08-09 19:00:00.000000',NULL,NULL,_binary '',2),(178,'2023-08-18 00:59:19.184741','2023-08-09 20:00:00.000000',NULL,NULL,_binary '',2),(179,'2023-08-18 00:59:19.185744','2023-08-09 21:00:00.000000',NULL,NULL,_binary '',2),(180,'2023-08-18 00:59:19.186670','2023-08-09 22:00:00.000000',NULL,NULL,_binary '',2),(181,'2023-08-18 01:07:45.338102','2023-08-22 07:00:00.000000',NULL,NULL,_binary '',7),(182,'2023-08-18 01:07:45.339354','2023-08-22 08:00:00.000000',NULL,NULL,_binary '',7),(183,'2023-08-18 01:07:45.340272','2023-08-22 09:00:00.000000',NULL,NULL,_binary '',7),(184,'2023-08-18 01:07:45.341159','2023-08-22 10:00:00.000000',NULL,NULL,_binary '',7),(185,'2023-08-18 01:07:45.342030','2023-08-22 11:00:00.000000',NULL,NULL,_binary '',7),(186,'2023-08-18 01:07:45.342850','2023-08-22 12:00:00.000000',NULL,NULL,_binary '',7),(187,'2023-08-18 01:07:45.343658','2023-08-22 13:00:00.000000',NULL,NULL,_binary '',7),(188,'2023-08-18 01:07:45.344434','2023-08-22 14:00:00.000000',NULL,NULL,_binary '',7),(189,'2023-08-18 01:07:45.345322','2023-08-22 15:00:00.000000',NULL,NULL,_binary '',7),(190,'2023-08-18 01:07:45.346162','2023-08-22 16:00:00.000000',NULL,NULL,_binary '',7),(191,'2023-08-18 01:07:45.347107','2023-08-22 17:00:00.000000',NULL,NULL,_binary '',7),(192,'2023-08-18 01:07:45.347903','2023-08-22 18:00:00.000000',NULL,NULL,_binary '',7),(193,'2023-08-18 01:07:45.348728','2023-08-22 19:00:00.000000',NULL,NULL,_binary '',7),(194,'2023-08-18 01:07:45.349529','2023-08-22 20:00:00.000000',NULL,NULL,_binary '',7),(195,'2023-08-18 01:07:45.350390','2023-08-22 21:00:00.000000',NULL,NULL,_binary '',7),(196,'2023-08-18 01:08:00.305845','2023-08-14 07:00:00.000000',NULL,NULL,_binary '',7),(197,'2023-08-18 01:08:00.307093','2023-08-14 08:00:00.000000',NULL,NULL,_binary '',7),(198,'2023-08-18 01:08:00.307919','2023-08-14 09:00:00.000000',NULL,NULL,_binary '',7),(199,'2023-08-18 01:08:00.308744','2023-08-14 10:00:00.000000',NULL,NULL,_binary '',7),(200,'2023-08-18 01:08:00.309564','2023-08-14 11:00:00.000000',NULL,NULL,_binary '',7),(201,'2023-08-18 01:08:00.310393','2023-08-14 12:00:00.000000',NULL,NULL,_binary '',7),(202,'2023-08-18 01:08:00.311190','2023-08-14 13:00:00.000000',NULL,NULL,_binary '',7),(203,'2023-08-18 01:08:00.312015','2023-08-14 14:00:00.000000',NULL,NULL,_binary '',7),(204,'2023-08-18 01:08:00.312864','2023-08-14 15:00:00.000000',NULL,NULL,_binary '',7),(205,'2023-08-18 01:08:00.313713','2023-08-14 16:00:00.000000',NULL,NULL,_binary '',7),(206,'2023-08-18 01:08:00.314608','2023-08-14 17:00:00.000000',NULL,NULL,_binary '',7),(207,'2023-08-18 01:08:00.315841','2023-08-14 18:00:00.000000',NULL,NULL,_binary '',7),(208,'2023-08-18 01:08:00.316748','2023-08-14 19:00:00.000000',NULL,NULL,_binary '',7),(209,'2023-08-18 01:08:07.218988','2023-08-15 07:00:00.000000',NULL,NULL,_binary '',7),(210,'2023-08-18 01:08:07.220164','2023-08-15 08:00:00.000000',NULL,NULL,_binary '',7),(211,'2023-08-18 01:08:07.220939','2023-08-15 09:00:00.000000',NULL,NULL,_binary '',7),(212,'2023-08-18 01:08:07.221757','2023-08-15 10:00:00.000000',NULL,NULL,_binary '',7),(213,'2023-08-18 01:08:07.222568','2023-08-15 11:00:00.000000',NULL,NULL,_binary '',7),(214,'2023-08-18 01:08:07.223301','2023-08-15 12:00:00.000000',NULL,NULL,_binary '',7),(215,'2023-08-18 01:08:07.224162','2023-08-15 13:00:00.000000',NULL,NULL,_binary '',7),(216,'2023-08-18 01:08:07.225183','2023-08-15 14:00:00.000000',NULL,NULL,_binary '',7),(217,'2023-08-18 01:08:07.226110','2023-08-15 15:00:00.000000',NULL,NULL,_binary '',7),(218,'2023-08-18 01:08:07.227086','2023-08-15 16:00:00.000000',NULL,NULL,_binary '',7),(219,'2023-08-18 01:08:07.228007','2023-08-15 17:00:00.000000',NULL,NULL,_binary '',7),(220,'2023-08-18 01:08:07.228843','2023-08-15 18:00:00.000000',NULL,NULL,_binary '',7),(221,'2023-08-18 01:08:07.229735','2023-08-15 19:00:00.000000',NULL,NULL,_binary '',7),(222,'2023-08-18 01:08:15.708178','2023-08-23 07:00:00.000000',NULL,NULL,_binary '',7),(223,'2023-08-18 01:08:15.709338','2023-08-23 08:00:00.000000',NULL,NULL,_binary '',7),(224,'2023-08-18 01:08:15.710170','2023-08-23 09:00:00.000000',NULL,NULL,_binary '',7),(225,'2023-08-18 01:08:15.711021','2023-08-23 10:00:00.000000',NULL,NULL,_binary '',7),(226,'2023-08-18 01:08:15.711815','2023-08-23 11:00:00.000000',NULL,NULL,_binary '',7),(227,'2023-08-18 01:08:15.712645','2023-08-23 12:00:00.000000',NULL,NULL,_binary '',7),(228,'2023-08-18 01:08:15.713445','2023-08-23 13:00:00.000000',NULL,NULL,_binary '',7),(229,'2023-08-18 01:08:15.714333','2023-08-23 14:00:00.000000',NULL,NULL,_binary '',7),(230,'2023-08-18 01:08:15.715163','2023-08-23 15:00:00.000000',NULL,NULL,_binary '',7),(231,'2023-08-18 01:08:15.715993','2023-08-23 16:00:00.000000',NULL,NULL,_binary '',7),(232,'2023-08-18 01:08:15.716790','2023-08-23 17:00:00.000000',NULL,NULL,_binary '',7),(233,'2023-08-18 01:08:15.717563','2023-08-23 18:00:00.000000',NULL,NULL,_binary '',7),(234,'2023-08-18 01:08:15.718416','2023-08-23 19:00:00.000000',NULL,NULL,_binary '',7),(235,'2023-08-18 01:08:21.922092','2023-08-22 07:00:00.000000',NULL,NULL,_binary '',7),(236,'2023-08-18 01:08:21.923276','2023-08-22 08:00:00.000000',NULL,NULL,_binary '',7),(237,'2023-08-18 01:08:21.924207','2023-08-22 09:00:00.000000',NULL,NULL,_binary '',7),(238,'2023-08-18 01:08:21.925378','2023-08-22 10:00:00.000000',NULL,NULL,_binary '',7),(239,'2023-08-18 01:08:21.926290','2023-08-22 11:00:00.000000',NULL,NULL,_binary '',7),(240,'2023-08-18 01:08:21.927228','2023-08-22 12:00:00.000000',NULL,NULL,_binary '',7),(241,'2023-08-18 01:08:21.928088','2023-08-22 13:00:00.000000',NULL,NULL,_binary '',7),(242,'2023-08-18 01:08:21.928915','2023-08-22 14:00:00.000000',NULL,NULL,_binary '',7),(243,'2023-08-18 01:08:21.929811','2023-08-22 15:00:00.000000',NULL,NULL,_binary '',7),(244,'2023-08-18 01:08:21.930618','2023-08-22 16:00:00.000000',NULL,NULL,_binary '',7),(245,'2023-08-18 01:08:21.931505','2023-08-22 17:00:00.000000',NULL,NULL,_binary '',7),(246,'2023-08-18 01:08:21.932307','2023-08-22 18:00:00.000000',NULL,NULL,_binary '',7),(247,'2023-08-18 01:08:21.933170','2023-08-22 19:00:00.000000',NULL,NULL,_binary '',7),(248,'2023-08-18 01:10:45.241318','2023-08-22 07:00:00.000000',NULL,NULL,_binary '',7),(249,'2023-08-18 01:10:45.242502','2023-08-22 08:00:00.000000',NULL,NULL,_binary '',7),(250,'2023-08-18 01:10:45.243347','2023-08-22 09:00:00.000000',NULL,NULL,_binary '',7),(251,'2023-08-18 01:10:45.244372','2023-08-22 10:00:00.000000',NULL,NULL,_binary '',7),(252,'2023-08-18 01:10:45.245238','2023-08-22 11:00:00.000000',NULL,NULL,_binary '',7),(253,'2023-08-18 01:10:45.246097','2023-08-22 12:00:00.000000',NULL,NULL,_binary '',7),(254,'2023-08-18 01:10:45.247063','2023-08-22 13:00:00.000000',NULL,NULL,_binary '',7),(255,'2023-08-18 01:10:45.247914','2023-08-22 14:00:00.000000',NULL,NULL,_binary '',7),(256,'2023-08-18 01:10:45.248711','2023-08-22 15:00:00.000000',NULL,NULL,_binary '',7),(257,'2023-08-18 01:10:45.249524','2023-08-22 16:00:00.000000',NULL,NULL,_binary '',7),(258,'2023-08-18 01:10:45.250374','2023-08-22 17:00:00.000000',NULL,NULL,_binary '',7),(259,'2023-08-18 01:10:45.251192','2023-08-22 18:00:00.000000',NULL,NULL,_binary '',7),(260,'2023-08-18 01:10:45.252000','2023-08-22 19:00:00.000000',NULL,NULL,_binary '',7),(261,'2023-08-18 01:10:45.252771','2023-08-22 20:00:00.000000',NULL,NULL,_binary '',7),(262,'2023-08-18 01:10:59.448954','2023-08-24 07:00:00.000000',NULL,NULL,_binary '',7),(263,'2023-08-18 01:10:59.450197','2023-08-24 08:00:00.000000',NULL,NULL,_binary '',7),(264,'2023-08-18 01:10:59.451063','2023-08-24 09:00:00.000000',NULL,NULL,_binary '',7),(265,'2023-08-18 01:10:59.451882','2023-08-24 10:00:00.000000',NULL,NULL,_binary '',7),(266,'2023-08-18 01:10:59.452737','2023-08-24 11:00:00.000000',NULL,NULL,_binary '',7),(267,'2023-08-18 01:10:59.454020','2023-08-24 12:00:00.000000',NULL,NULL,_binary '',7),(268,'2023-08-18 01:10:59.454839','2023-08-24 13:00:00.000000',NULL,NULL,_binary '',7),(269,'2023-08-18 01:10:59.455615','2023-08-24 14:00:00.000000',NULL,NULL,_binary '',7),(270,'2023-08-18 01:10:59.456744','2023-08-24 15:00:00.000000',NULL,NULL,_binary '',7),(271,'2023-08-18 01:10:59.457741','2023-08-24 16:00:00.000000',NULL,NULL,_binary '',7),(272,'2023-08-18 01:10:59.458704','2023-08-24 17:00:00.000000',NULL,NULL,_binary '',7),(273,'2023-08-18 01:10:59.459611','2023-08-24 18:00:00.000000',NULL,NULL,_binary '',7),(274,'2023-08-18 01:10:59.460426','2023-08-24 19:00:00.000000',NULL,NULL,_binary '',7),(275,'2023-08-18 01:10:59.461172','2023-08-24 20:00:00.000000',NULL,NULL,_binary '',7),(276,'2023-08-18 01:11:08.935125','2023-08-25 07:00:00.000000',NULL,NULL,_binary '',7),(277,'2023-08-18 01:11:08.936335','2023-08-25 08:00:00.000000',NULL,NULL,_binary '',7),(278,'2023-08-18 01:11:08.937066','2023-08-25 09:00:00.000000',NULL,NULL,_binary '',7),(279,'2023-08-18 01:11:08.937846','2023-08-25 10:00:00.000000',NULL,NULL,_binary '',7),(280,'2023-08-18 01:11:08.938657','2023-08-25 11:00:00.000000',NULL,NULL,_binary '',7),(281,'2023-08-18 01:11:08.939905','2023-08-25 12:00:00.000000',NULL,NULL,_binary '',7),(282,'2023-08-18 01:11:08.940742','2023-08-25 13:00:00.000000',NULL,NULL,_binary '',7),(283,'2023-08-18 01:11:08.941499','2023-08-25 14:00:00.000000',NULL,NULL,_binary '',7),(284,'2023-08-18 01:11:08.942297','2023-08-25 15:00:00.000000',NULL,NULL,_binary '',7),(285,'2023-08-18 01:11:08.943073','2023-08-25 16:00:00.000000',NULL,NULL,_binary '',7),(286,'2023-08-18 01:11:08.943831','2023-08-25 17:00:00.000000',NULL,NULL,_binary '',7),(287,'2023-08-18 01:11:08.944618','2023-08-25 18:00:00.000000',NULL,NULL,_binary '',7),(288,'2023-08-18 01:11:08.945345','2023-08-25 19:00:00.000000',NULL,NULL,_binary '',7),(289,'2023-08-18 01:11:08.946087','2023-08-25 20:00:00.000000',NULL,NULL,_binary '',7),(290,'2023-08-18 01:11:41.437247','2023-08-25 07:00:00.000000',NULL,NULL,_binary '',7),(291,'2023-08-18 01:11:41.438417','2023-08-25 08:00:00.000000',NULL,NULL,_binary '',7),(292,'2023-08-18 01:11:41.444746','2023-08-25 09:00:00.000000',NULL,NULL,_binary '',7),(293,'2023-08-18 01:11:41.445559','2023-08-25 10:00:00.000000',NULL,NULL,_binary '',7),(294,'2023-08-18 01:11:41.446370','2023-08-25 11:00:00.000000',NULL,NULL,_binary '',7),(295,'2023-08-18 01:11:41.447113','2023-08-25 12:00:00.000000',NULL,NULL,_binary '',7),(296,'2023-08-18 01:11:41.447859','2023-08-25 13:00:00.000000',NULL,NULL,_binary '',7),(297,'2023-08-18 01:11:41.448738','2023-08-25 14:00:00.000000',NULL,NULL,_binary '',7),(298,'2023-08-18 01:11:41.449534','2023-08-25 15:00:00.000000',NULL,NULL,_binary '',7),(299,'2023-08-18 01:11:41.450281','2023-08-25 16:00:00.000000',NULL,NULL,_binary '',7),(300,'2023-08-18 01:11:41.451033','2023-08-25 17:00:00.000000',NULL,NULL,_binary '',7),(301,'2023-08-18 01:11:41.451761','2023-08-25 18:00:00.000000',NULL,NULL,_binary '',7),(302,'2023-08-18 01:11:41.452576','2023-08-25 19:00:00.000000',NULL,NULL,_binary '',7),(303,'2023-08-18 01:11:41.453271','2023-08-25 20:00:00.000000',NULL,NULL,_binary '',7),(304,'2023-08-18 01:11:49.706536','2023-08-29 07:00:00.000000',NULL,NULL,_binary '',7),(305,'2023-08-18 01:11:49.707641','2023-08-29 08:00:00.000000',NULL,NULL,_binary '',7),(306,'2023-08-18 01:12:02.984907','2023-08-30 09:00:00.000000',NULL,NULL,_binary '',7),(307,'2023-08-18 01:12:02.986079','2023-08-30 10:00:00.000000',NULL,NULL,_binary '',7),(308,'2023-08-18 01:12:02.986898','2023-08-30 11:00:00.000000',NULL,NULL,_binary '',7),(309,'2023-08-18 01:12:09.877602','2023-08-31 11:00:00.000000',NULL,NULL,_binary '',7),(310,'2023-08-18 01:12:09.878821','2023-08-31 12:00:00.000000',NULL,NULL,_binary '',7),(311,'2023-08-18 01:12:09.879543','2023-08-31 13:00:00.000000',NULL,NULL,_binary '',7),(312,'2023-08-18 01:12:09.880271','2023-08-31 14:00:00.000000',NULL,NULL,_binary '',7),(313,'2023-08-18 01:12:09.881001','2023-08-31 15:00:00.000000',NULL,NULL,_binary '',7),(314,'2023-08-18 01:12:09.881816','2023-08-31 16:00:00.000000',NULL,NULL,_binary '',7),(315,'2023-08-18 01:12:09.882704','2023-08-31 17:00:00.000000',NULL,NULL,_binary '',7),(316,'2023-08-18 01:12:09.883505','2023-08-31 18:00:00.000000',NULL,NULL,_binary '',7),(317,'2023-08-18 01:12:09.884321','2023-08-31 19:00:00.000000',NULL,NULL,_binary '',7),(318,'2023-08-18 01:12:09.885101','2023-08-31 20:00:00.000000',NULL,NULL,_binary '',7),(319,'2023-08-18 01:12:09.885841','2023-08-31 21:00:00.000000',NULL,NULL,_binary '',7),(320,'2023-08-18 01:12:09.886573','2023-08-31 22:00:00.000000',NULL,NULL,_binary '',7),(321,'2023-08-18 01:12:09.887263','2023-08-31 23:00:00.000000',NULL,NULL,_binary '',7),(322,'2023-08-18 01:18:06.377015','2023-08-03 08:00:00.000000',NULL,NULL,_binary '',1),(323,'2023-08-18 01:18:06.378156','2023-08-03 09:00:00.000000',NULL,NULL,_binary '',1),(324,'2023-08-18 01:18:06.378891','2023-08-03 10:00:00.000000',NULL,NULL,_binary '',1),(325,'2023-08-18 01:18:06.379593','2023-08-03 11:00:00.000000',NULL,NULL,_binary '',1),(326,'2023-08-18 01:18:06.380291','2023-08-03 12:00:00.000000',NULL,NULL,_binary '',1),(327,'2023-08-18 01:18:39.657452','2023-08-07 07:00:00.000000',NULL,NULL,_binary '',1),(328,'2023-08-18 01:18:39.658642','2023-08-07 08:00:00.000000',NULL,NULL,_binary '',1),(329,'2023-08-18 01:18:39.659425','2023-08-07 09:00:00.000000',NULL,NULL,_binary '',1),(330,'2023-08-18 01:19:13.947031','2023-06-07 01:00:00.000000',NULL,NULL,_binary '',2),(331,'2023-08-18 01:19:13.948101','2023-06-07 02:00:00.000000',NULL,NULL,_binary '',2),(332,'2023-08-18 01:19:13.948799','2023-06-07 03:00:00.000000',NULL,NULL,_binary '',2),(333,'2023-08-18 01:19:13.949506','2023-06-07 04:00:00.000000',NULL,NULL,_binary '',2),(334,'2023-08-18 01:19:13.950340','2023-06-07 05:00:00.000000',NULL,NULL,_binary '',2),(335,'2023-08-18 01:19:13.951110','2023-06-07 06:00:00.000000',NULL,NULL,_binary '',2),(336,'2023-08-18 01:19:13.951986','2023-06-07 07:00:00.000000',NULL,NULL,_binary '',2),(337,'2023-08-18 01:19:13.952752','2023-06-07 08:00:00.000000',NULL,NULL,_binary '',2),(338,'2023-08-18 01:19:13.953484','2023-06-07 09:00:00.000000',NULL,NULL,_binary '',2),(339,'2023-08-18 01:19:13.954295','2023-06-07 10:00:00.000000',NULL,NULL,_binary '',2),(340,'2023-08-18 01:19:13.955098','2023-06-07 11:00:00.000000',NULL,NULL,_binary '',2),(341,'2023-08-18 01:19:13.955909','2023-06-07 12:00:00.000000',NULL,NULL,_binary '',2),(342,'2023-08-18 01:19:13.956642','2023-06-07 13:00:00.000000',NULL,NULL,_binary '',2),(343,'2023-08-18 01:19:13.957323','2023-06-07 14:00:00.000000',NULL,NULL,_binary '',2),(344,'2023-08-18 01:19:13.958083','2023-06-07 15:00:00.000000',NULL,NULL,_binary '',2),(345,'2023-08-18 01:19:13.958741','2023-06-07 16:00:00.000000',NULL,NULL,_binary '',2),(346,'2023-08-18 01:19:13.959430','2023-06-07 17:00:00.000000',NULL,NULL,_binary '',2),(347,'2023-08-18 01:19:13.960083','2023-06-07 18:00:00.000000',NULL,NULL,_binary '',2),(348,'2023-08-18 01:19:13.960740','2023-06-07 19:00:00.000000',NULL,NULL,_binary '',2),(349,'2023-08-18 01:19:13.961392','2023-06-07 20:00:00.000000',NULL,NULL,_binary '',2),(350,'2023-08-18 01:19:13.962152','2023-06-07 21:00:00.000000',NULL,NULL,_binary '',2),(351,'2023-08-18 01:19:13.962859','2023-06-07 22:00:00.000000',NULL,NULL,_binary '',2),(352,'2023-08-18 01:19:13.963524','2023-06-07 23:00:00.000000',NULL,NULL,_binary '',2),(353,'2023-08-18 01:20:47.523791','2023-08-07 07:00:00.000000',NULL,NULL,_binary '',4),(354,'2023-08-18 01:20:47.524953','2023-08-07 08:00:00.000000',NULL,NULL,_binary '',4),(355,'2023-08-18 01:20:47.525837','2023-08-07 09:00:00.000000',NULL,NULL,_binary '',4),(356,'2023-08-18 01:21:05.935142','2023-08-09 09:00:00.000000',NULL,NULL,_binary '',4),(357,'2023-08-18 01:21:05.936189','2023-08-09 10:00:00.000000',NULL,NULL,_binary '',4),(358,'2023-08-18 01:21:05.936926','2023-08-09 11:00:00.000000',NULL,NULL,_binary '',4),(359,'2023-08-18 01:21:05.937634','2023-08-09 12:00:00.000000',NULL,NULL,_binary '',4),(360,'2023-08-18 01:24:13.153830','2023-08-09 09:00:00.000000',NULL,NULL,_binary '',6),(361,'2023-08-18 01:24:13.154953','2023-08-09 10:00:00.000000',NULL,NULL,_binary '',6),(362,'2023-08-18 01:24:13.155698','2023-08-09 11:00:00.000000',NULL,NULL,_binary '',6),(363,'2023-08-18 01:24:13.156416','2023-08-09 12:00:00.000000',NULL,NULL,_binary '',6),(364,'2023-08-18 01:29:50.859264','2023-08-22 07:00:00.000000',NULL,NULL,_binary '',2),(365,'2023-08-18 01:29:50.860446','2023-08-22 08:00:00.000000',NULL,NULL,_binary '',2),(366,'2023-08-18 01:29:50.861229','2023-08-22 09:00:00.000000',NULL,NULL,_binary '',2),(367,'2023-08-18 01:29:50.861945','2023-08-22 10:00:00.000000',NULL,NULL,_binary '',2),(368,'2023-08-18 01:29:50.862705','2023-08-22 11:00:00.000000',NULL,NULL,_binary '',2),(369,'2023-08-18 01:29:50.863390','2023-08-22 12:00:00.000000',NULL,NULL,_binary '',2),(370,'2023-08-18 01:30:00.795411','2023-08-23 06:00:00.000000',NULL,NULL,_binary '',2),(371,'2023-08-18 01:30:00.796508','2023-08-23 07:00:00.000000',NULL,NULL,_binary '',2),(372,'2023-08-18 01:30:00.797225','2023-08-23 08:00:00.000000',NULL,NULL,_binary '',2),(373,'2023-08-18 01:30:00.797925','2023-08-23 09:00:00.000000',NULL,NULL,_binary '',2),(374,'2023-08-18 01:30:00.798679','2023-08-23 10:00:00.000000',NULL,NULL,_binary '',2),(375,'2023-08-18 01:30:00.799382','2023-08-23 11:00:00.000000',NULL,NULL,_binary '',2),(376,'2023-08-18 01:30:00.800168','2023-08-23 12:00:00.000000',NULL,NULL,_binary '',2),(377,'2023-08-18 01:30:00.800829','2023-08-23 13:00:00.000000',NULL,NULL,_binary '',2),(378,'2023-08-18 01:30:00.801494','2023-08-23 14:00:00.000000',NULL,NULL,_binary '',2),(379,'2023-08-18 01:30:00.802201','2023-08-23 15:00:00.000000',NULL,NULL,_binary '',2),(380,'2023-08-18 01:30:00.802892','2023-08-23 16:00:00.000000',NULL,NULL,_binary '',2),(381,'2023-08-18 01:30:00.803632','2023-08-23 17:00:00.000000',NULL,NULL,_binary '',2),(382,'2023-08-18 01:30:00.804283','2023-08-23 18:00:00.000000',NULL,NULL,_binary '',2),(383,'2023-08-18 01:30:00.804936','2023-08-23 19:00:00.000000',NULL,NULL,_binary '',2),(384,'2023-08-18 01:30:00.805573','2023-08-23 20:00:00.000000',NULL,NULL,_binary '',2),(385,'2023-08-18 01:30:00.806318','2023-08-23 21:00:00.000000',NULL,NULL,_binary '',2),(386,'2023-08-18 01:30:00.806954','2023-08-23 22:00:00.000000',NULL,NULL,_binary '',2),(387,'2023-08-18 01:30:08.588018','2023-08-24 06:00:00.000000',NULL,NULL,_binary '',2),(388,'2023-08-18 01:30:08.589116','2023-08-24 07:00:00.000000',NULL,NULL,_binary '',2),(389,'2023-08-18 01:30:08.589808','2023-08-24 08:00:00.000000',NULL,NULL,_binary '',2),(390,'2023-08-18 01:30:08.590583','2023-08-24 09:00:00.000000',NULL,NULL,_binary '',2),(391,'2023-08-18 01:30:08.591332','2023-08-24 10:00:00.000000',NULL,NULL,_binary '',2),(392,'2023-08-18 01:30:08.592069','2023-08-24 11:00:00.000000',NULL,NULL,_binary '',2),(393,'2023-08-18 01:30:08.592768','2023-08-24 12:00:00.000000',NULL,NULL,_binary '',2),(394,'2023-08-18 01:30:08.593452','2023-08-24 13:00:00.000000',NULL,NULL,_binary '',2),(395,'2023-08-18 01:30:08.594332','2023-08-24 14:00:00.000000',NULL,NULL,_binary '',2),(396,'2023-08-18 01:30:08.595039','2023-08-24 15:00:00.000000',NULL,NULL,_binary '',2),(397,'2023-08-18 01:30:08.595820','2023-08-24 16:00:00.000000',NULL,NULL,_binary '',2),(398,'2023-08-18 01:30:08.596532','2023-08-24 17:00:00.000000',NULL,NULL,_binary '',2),(399,'2023-08-18 01:30:08.597231','2023-08-24 18:00:00.000000',NULL,NULL,_binary '',2),(400,'2023-08-18 01:30:08.597940','2023-08-24 19:00:00.000000',NULL,NULL,_binary '',2),(401,'2023-08-18 01:30:08.598708','2023-08-24 20:00:00.000000',NULL,NULL,_binary '',2),(402,'2023-08-18 01:30:16.632261','2023-08-25 06:00:00.000000',NULL,NULL,_binary '',2),(403,'2023-08-18 01:30:16.633262','2023-08-25 07:00:00.000000',NULL,NULL,_binary '',2),(404,'2023-08-18 01:30:16.633883','2023-08-25 08:00:00.000000',NULL,NULL,_binary '',2),(405,'2023-08-18 01:30:16.634711','2023-08-25 09:00:00.000000',NULL,NULL,_binary '',2),(406,'2023-08-18 01:30:16.635381','2023-08-25 10:00:00.000000',NULL,NULL,_binary '',2),(407,'2023-08-18 01:30:16.636220','2023-08-25 11:00:00.000000',NULL,NULL,_binary '',2),(408,'2023-08-18 01:30:16.637041','2023-08-25 12:00:00.000000',NULL,NULL,_binary '',2),(409,'2023-08-18 01:30:30.486609','2023-08-19 07:00:00.000000',NULL,NULL,_binary '',1),(410,'2023-08-18 01:30:30.487728','2023-08-19 08:00:00.000000',NULL,NULL,_binary '',1),(411,'2023-08-18 01:30:30.488407','2023-08-19 09:00:00.000000',NULL,NULL,_binary '',1),(412,'2023-08-18 01:30:30.489116','2023-08-19 10:00:00.000000',NULL,NULL,_binary '',1),(413,'2023-08-18 01:30:30.489962','2023-08-19 11:00:00.000000',NULL,NULL,_binary '',1),(414,'2023-08-18 01:30:30.490758','2023-08-19 12:00:00.000000',NULL,NULL,_binary '',1),(415,'2023-08-18 01:30:30.491556','2023-08-19 13:00:00.000000',NULL,NULL,_binary '',1),(416,'2023-08-18 01:30:30.492345','2023-08-19 14:00:00.000000',NULL,NULL,_binary '',1),(417,'2023-08-18 01:30:30.492997','2023-08-19 15:00:00.000000',NULL,NULL,_binary '',1),(418,'2023-08-18 01:30:30.493665','2023-08-19 16:00:00.000000',NULL,NULL,_binary '',1),(419,'2023-08-18 01:30:30.494391','2023-08-19 17:00:00.000000',NULL,NULL,_binary '',1),(420,'2023-08-18 01:30:30.495046','2023-08-19 18:00:00.000000',NULL,NULL,_binary '',1),(421,'2023-08-18 01:30:30.495758','2023-08-19 19:00:00.000000',NULL,NULL,_binary '',1),(422,'2023-08-18 01:30:32.446731','2023-08-29 05:00:00.000000',NULL,NULL,_binary '',2),(423,'2023-08-18 01:30:32.447844','2023-08-29 06:00:00.000000',NULL,NULL,_binary '',2),(424,'2023-08-18 01:30:32.448517','2023-08-29 07:00:00.000000',NULL,NULL,_binary '',2),(425,'2023-08-18 01:30:32.449236','2023-08-29 08:00:00.000000',NULL,NULL,_binary '',2),(426,'2023-08-18 01:30:32.449892','2023-08-29 09:00:00.000000',NULL,NULL,_binary '',2),(427,'2023-08-18 01:30:32.450568','2023-08-29 10:00:00.000000',NULL,NULL,_binary '',2),(428,'2023-08-18 01:30:32.451220','2023-08-29 11:00:00.000000',NULL,NULL,_binary '',2),(429,'2023-08-18 01:30:32.451888','2023-08-29 12:00:00.000000',NULL,NULL,_binary '',2),(430,'2023-08-18 01:30:40.246857','2023-08-28 06:00:00.000000',NULL,NULL,_binary '',2),(431,'2023-08-18 01:30:40.247883','2023-08-28 07:00:00.000000',NULL,NULL,_binary '',2),(432,'2023-08-18 01:30:40.248736','2023-08-28 08:00:00.000000',NULL,NULL,_binary '',2),(433,'2023-08-18 01:30:40.249474','2023-08-28 09:00:00.000000',NULL,NULL,_binary '',2),(434,'2023-08-18 01:30:40.250116','2023-08-28 10:00:00.000000',NULL,NULL,_binary '',2),(435,'2023-08-18 01:30:40.250768','2023-08-28 11:00:00.000000',NULL,NULL,_binary '',2),(436,'2023-08-18 01:30:40.251383','2023-08-28 12:00:00.000000',NULL,NULL,_binary '',2),(437,'2023-08-18 01:30:40.255529','2023-08-28 13:00:00.000000',NULL,NULL,_binary '',2),(438,'2023-08-18 01:30:40.256386','2023-08-28 14:00:00.000000',NULL,NULL,_binary '',2),(439,'2023-08-18 01:30:40.257144','2023-08-28 15:00:00.000000',NULL,NULL,_binary '',2),(440,'2023-08-18 01:30:40.257816','2023-08-28 16:00:00.000000',NULL,NULL,_binary '',2),(441,'2023-08-18 01:30:40.258563','2023-08-28 17:00:00.000000',NULL,NULL,_binary '',2),(442,'2023-08-18 01:30:40.259286','2023-08-28 18:00:00.000000',NULL,NULL,_binary '',2),(443,'2023-08-18 01:30:40.260043','2023-08-28 19:00:00.000000',NULL,NULL,_binary '',2),(444,'2023-08-18 01:30:40.260749','2023-08-28 20:00:00.000000',NULL,NULL,_binary '',2),(445,'2023-08-18 01:30:40.261397','2023-08-28 21:00:00.000000',NULL,NULL,_binary '',2),(446,'2023-08-18 01:30:40.262184','2023-08-28 22:00:00.000000',NULL,NULL,_binary '',2),(447,'2023-08-18 01:30:46.771871','2023-08-29 06:00:00.000000',NULL,NULL,_binary '',2),(448,'2023-08-18 01:30:46.772897','2023-08-29 07:00:00.000000',NULL,NULL,_binary '',2),(449,'2023-08-18 01:30:46.773593','2023-08-29 08:00:00.000000',NULL,NULL,_binary '',2),(450,'2023-08-18 01:30:46.774348','2023-08-29 09:00:00.000000',NULL,NULL,_binary '',2),(451,'2023-08-18 01:30:46.775023','2023-08-29 10:00:00.000000',NULL,NULL,_binary '',2),(452,'2023-08-18 01:30:46.775666','2023-08-29 11:00:00.000000',NULL,NULL,_binary '',2),(453,'2023-08-18 01:30:46.776283','2023-08-29 12:00:00.000000',NULL,NULL,_binary '',2),(454,'2023-08-18 01:30:46.777012','2023-08-29 13:00:00.000000',NULL,NULL,_binary '',2),(455,'2023-08-18 01:30:46.777682','2023-08-29 14:00:00.000000',NULL,NULL,_binary '',2),(456,'2023-08-18 01:30:46.778453','2023-08-29 15:00:00.000000',NULL,NULL,_binary '',2),(457,'2023-08-18 01:30:46.779213','2023-08-29 16:00:00.000000',NULL,NULL,_binary '',2),(458,'2023-08-18 01:30:46.779892','2023-08-29 17:00:00.000000',NULL,NULL,_binary '',2),(459,'2023-08-18 01:30:46.780568','2023-08-29 18:00:00.000000',NULL,NULL,_binary '',2),(460,'2023-08-18 01:30:46.781237','2023-08-29 19:00:00.000000',NULL,NULL,_binary '',2),(461,'2023-08-18 01:30:51.946348','2023-08-30 05:00:00.000000',NULL,NULL,_binary '',2),(462,'2023-08-18 01:30:51.947448','2023-08-30 06:00:00.000000',NULL,NULL,_binary '',2),(463,'2023-08-18 01:30:51.948158','2023-08-30 07:00:00.000000',NULL,NULL,_binary '',2),(464,'2023-08-18 01:30:51.949039','2023-08-30 08:00:00.000000',NULL,NULL,_binary '',2),(465,'2023-08-18 01:30:51.949824','2023-08-30 09:00:00.000000',NULL,NULL,_binary '',2),(466,'2023-08-18 01:30:51.950612','2023-08-30 10:00:00.000000',NULL,NULL,_binary '',2),(467,'2023-08-18 01:30:51.951304','2023-08-30 11:00:00.000000',NULL,NULL,_binary '',2),(468,'2023-08-18 01:30:51.952048','2023-08-30 12:00:00.000000',NULL,NULL,_binary '',2),(469,'2023-08-18 01:30:51.952651','2023-08-30 13:00:00.000000',NULL,NULL,_binary '',2),(470,'2023-08-18 01:30:51.953255','2023-08-30 14:00:00.000000',NULL,NULL,_binary '',2),(471,'2023-08-18 01:30:51.953936','2023-08-30 15:00:00.000000',NULL,NULL,_binary '',2),(472,'2023-08-18 01:30:51.954665','2023-08-30 16:00:00.000000',NULL,NULL,_binary '',2),(473,'2023-08-18 01:30:51.955279','2023-08-30 17:00:00.000000',NULL,NULL,_binary '',2),(474,'2023-08-18 01:30:59.439672','2023-08-31 05:00:00.000000',NULL,NULL,_binary '',2),(475,'2023-08-18 01:30:59.440603','2023-08-31 06:00:00.000000',NULL,NULL,_binary '',2),(476,'2023-08-18 01:30:59.441218','2023-08-31 07:00:00.000000',NULL,NULL,_binary '',2),(477,'2023-08-18 01:30:59.441885','2023-08-31 08:00:00.000000',NULL,NULL,_binary '',2),(478,'2023-08-18 01:30:59.442532','2023-08-31 09:00:00.000000',NULL,NULL,_binary '',2),(479,'2023-08-18 01:30:59.443259','2023-08-31 10:00:00.000000',NULL,NULL,_binary '',2),(480,'2023-08-18 01:30:59.443950','2023-08-31 11:00:00.000000',NULL,NULL,_binary '',2),(481,'2023-08-18 01:30:59.444567','2023-08-31 12:00:00.000000',NULL,NULL,_binary '',2),(482,'2023-08-18 01:30:59.445319','2023-08-31 13:00:00.000000',NULL,NULL,_binary '',2),(483,'2023-08-18 01:30:59.446034','2023-08-31 14:00:00.000000',NULL,NULL,_binary '',2),(484,'2023-08-18 01:30:59.446853','2023-08-31 15:00:00.000000',NULL,NULL,_binary '',2);
/*!40000 ALTER TABLE `consultant_schedule` ENABLE KEYS */;
UNLOCK TABLES;

--
-- Table structure for table `follows`
--

DROP TABLE IF EXISTS `follows`;
/*!40101 SET @saved_cs_client     = @@character_set_client */;
/*!50503 SET character_set_client = utf8mb4 */;
CREATE TABLE `follows` (
  `followed_member` bigint NOT NULL,
  `member` bigint NOT NULL,
  `created_at` datetime(6) DEFAULT NULL,
  PRIMARY KEY (`followed_member`,`member`),
  KEY `FK56cln6a4ldtte5e92fj5i0wf8` (`member`),
  CONSTRAINT `FK56cln6a4ldtte5e92fj5i0wf8` FOREIGN KEY (`member`) REFERENCES `members` (`member_seq`),
  CONSTRAINT `FKtiefx95e0miu6voodx7gb9m9c` FOREIGN KEY (`followed_member`) REFERENCES `members` (`member_seq`)
) ENGINE=InnoDB DEFAULT CHARSET=utf8mb4 COLLATE=utf8mb4_0900_ai_ci;
/*!40101 SET character_set_client = @saved_cs_client */;

--
-- Dumping data for table `follows`
--

LOCK TABLES `follows` WRITE;
/*!40000 ALTER TABLE `follows` DISABLE KEYS */;
INSERT INTO `follows` VALUES (1,14,'2023-08-17 20:10:23.911682'),(1,28,'2023-08-17 21:21:15.338618'),(2,1,'2023-08-17 05:32:46.833439'),(2,14,'2023-08-17 20:10:18.664288'),(2,17,'2023-08-17 20:39:23.452079'),(2,18,'2023-08-17 20:35:31.301276'),(2,22,'2023-08-17 20:40:38.351668'),(2,23,'2023-08-17 20:52:30.590077'),(3,18,'2023-08-17 20:35:38.453430'),(3,21,'2023-08-17 20:32:57.063556'),(4,27,'2023-08-17 21:08:00.663981'),(5,1,'2023-08-17 18:05:44.014634'),(5,11,'2023-08-17 18:16:36.893226'),(5,14,'2023-08-17 20:10:36.973763'),(7,14,'2023-08-17 20:10:58.342907'),(8,21,'2023-08-17 20:32:44.683824'),(8,27,'2023-08-17 21:02:56.305183'),(12,21,'2023-08-17 20:32:26.851774'),(14,10,'2023-08-17 18:11:42.443875'),(14,12,'2023-08-17 18:18:38.955649'),(14,17,'2023-08-17 20:34:15.024909'),(14,18,'2023-08-17 20:35:33.782422'),(14,27,'2023-08-17 21:08:25.293525'),(15,14,'2023-08-17 20:10:29.843938'),(15,28,'2023-08-17 21:21:18.598507'),(16,12,'2023-08-17 18:19:19.568139'),(16,22,'2023-08-17 20:40:48.829472'),(17,14,'2023-08-17 20:12:52.110263'),(17,16,'2023-08-17 23:29:12.760562'),(17,18,'2023-08-17 20:35:41.943151'),(17,21,'2023-08-17 20:32:15.014085'),(17,22,'2023-08-17 20:40:43.911137'),(17,27,'2023-08-17 21:02:33.289842'),(17,28,'2023-08-17 21:21:08.398069'),(17,29,'2023-08-17 21:31:24.503344'),(19,21,'2023-08-17 20:32:49.523499'),(19,27,'2023-08-17 21:08:20.853763'),(20,21,'2023-08-17 20:32:20.093231'),(20,28,'2023-08-17 21:21:13.058662'),(21,17,'2023-08-17 20:37:10.329281'),(21,22,'2023-08-17 20:45:31.362907'),(21,27,'2023-08-17 21:03:09.961150'),(24,23,'2023-08-17 20:51:52.884124'),(24,27,'2023-08-17 21:02:17.700115'),(24,28,'2023-08-17 21:21:26.408437'),(26,27,'2023-08-17 21:05:10.509999'),(29,23,'2023-08-17 23:35:28.926143');
/*!40000 ALTER TABLE `follows` ENABLE KEYS */;
UNLOCK TABLES;

--
-- Table structure for table `hashtags`
--

DROP TABLE IF EXISTS `hashtags`;
/*!40101 SET @saved_cs_client     = @@character_set_client */;
/*!50503 SET character_set_client = utf8mb4 */;
CREATE TABLE `hashtags` (
  `seq` bigint NOT NULL AUTO_INCREMENT,
  `created_at` datetime(6) DEFAULT NULL,
  `hashtag_name` varchar(50) NOT NULL,
  PRIMARY KEY (`seq`)
) ENGINE=InnoDB AUTO_INCREMENT=245 DEFAULT CHARSET=utf8mb4 COLLATE=utf8mb4_0900_ai_ci;
/*!40101 SET character_set_client = @saved_cs_client */;

--
-- Dumping data for table `hashtags`
--

LOCK TABLES `hashtags` WRITE;
/*!40000 ALTER TABLE `hashtags` DISABLE KEYS */;
INSERT INTO `hashtags` VALUES (1,'2023-08-17 05:05:59.462330','asd\''),(2,'2023-08-17 05:20:20.747659','fsead'),(3,'2023-08-17 05:30:01.154381','김'),(4,'2023-08-17 05:30:01.160497','현'),(5,'2023-08-17 05:30:01.162441','욱'),(6,'2023-08-17 05:30:01.164185','김'),(7,'2023-08-17 05:30:01.165937','태'),(8,'2023-08-17 05:30:01.168424','현'),(9,'2023-08-17 05:31:07.251159','yee'),(10,'2023-08-17 05:31:07.252938',''),(11,'2023-08-17 06:31:47.679440','채원'),(12,'2023-08-17 06:35:37.818154','여름'),(13,'2023-08-17 06:35:37.820029','모자'),(14,'2023-08-17 06:37:51.029695','우기'),(15,'2023-08-17 06:37:51.031415','화장'),(16,'2023-08-17 06:39:38.273656','타로'),(17,'2023-08-17 06:41:14.907172','머리띠'),(18,'2023-08-17 06:43:24.564522','겨울'),(19,'2023-08-17 06:46:05.272749','잠옷'),(20,'2023-08-17 06:50:24.764207','남친룩'),(21,'2023-08-17 06:52:36.290880','케이스티파이'),(22,'2023-08-17 06:53:45.299126','다현'),(23,'2023-08-17 06:55:17.327936','검정'),(24,'2023-08-17 07:06:58.514632','산책'),(25,'2023-08-17 07:07:32.106447','핑크'),(26,'2023-08-17 07:07:50.464187','친구'),(27,'2023-08-17 07:08:20.589002','어깨'),(28,'2023-08-17 07:08:20.591014','운동'),(29,'2023-08-17 07:14:10.760853','경주'),(30,'2023-08-17 07:14:47.393337','결혼'),(31,'2023-08-17 07:20:10.944365','출근'),(32,'2023-08-17 07:25:37.879984','데일리룩'),(33,'2023-08-17 07:38:38.021351','상우'),(34,'2023-08-17 18:11:16.177145','청청'),(35,'2023-08-17 18:11:21.561178','남색'),(36,'2023-08-17 18:11:21.562781','원피스'),(37,'2023-08-17 18:11:48.704813','일상룩'),(38,'2023-08-17 18:16:27.012456','kazha'),(39,'2023-08-17 18:16:27.014533','rose'),(40,'2023-08-17 18:16:50.907395','문어'),(41,'2023-08-17 18:16:50.909000','숙회'),(42,'2023-08-17 18:17:31.746139','좋아'),(43,'2023-08-17 18:18:52.134773','와인'),(44,'2023-08-17 18:18:52.136153','봄'),(45,'2023-08-17 18:18:52.137690','가디건'),(46,'2023-08-17 18:18:52.139640','코스'),(47,'2023-08-17 18:19:40.186536','빨잠'),(48,'2023-08-17 18:19:40.187967','신촌'),(49,'2023-08-17 18:19:40.189406','롱패딩'),(50,'2023-08-17 18:21:06.438674','쓰껄'),(51,'2023-08-17 18:21:07.525868','쓰껄'),(52,'2023-08-17 18:23:58.379837','미션'),(53,'2023-08-17 18:23:58.381713','컴플릿'),(54,'2023-08-17 18:25:19.492879','야구모자'),(55,'2023-08-17 18:25:19.494804','파란색'),(56,'2023-08-17 18:25:19.496425','파랑조아'),(57,'2023-08-17 18:25:56.969217','오운완'),(58,'2023-08-17 18:26:08.052724','빨강'),(59,'2023-08-17 18:26:08.054535','맨투맨'),(60,'2023-08-17 18:26:08.056154','가을'),(61,'2023-08-17 18:43:33.217057','생일'),(62,'2023-08-17 18:43:33.218871','꺄르륵'),(63,'2023-08-17 20:03:20.343796','제주도'),(64,'2023-08-17 20:03:20.345911','감귤'),(65,'2023-08-17 20:03:20.348760','목도리'),(66,'2023-08-17 20:04:37.737356','조카'),(67,'2023-08-17 20:04:37.739169','사랑해'),(68,'2023-08-17 20:06:42.516664','전시'),(69,'2023-08-17 20:06:42.518333','국립현대미술관'),(70,'2023-08-17 20:06:42.519886','mmca'),(71,'2023-08-17 20:06:44.161322','진짜'),(72,'2023-08-17 20:08:15.802006','핑쿠'),(73,'2023-08-17 20:08:15.803497','조아'),(74,'2023-08-17 20:08:53.840412','북촌'),(75,'2023-08-17 20:08:53.841868','골목'),(76,'2023-08-17 20:09:38.171148','바르게살자'),(77,'2023-08-17 20:09:38.172625','새해다짐'),(78,'2023-08-17 20:15:54.802018','덕수궁'),(79,'2023-08-17 20:16:41.202291','비'),(80,'2023-08-17 20:16:41.203596','우산'),(81,'2023-08-17 20:17:36.378966','벽화'),(82,'2023-08-17 20:17:36.380389','휠라'),(83,'2023-08-17 20:18:35.961927','반코트'),(84,'2023-08-17 20:18:35.963394','오후'),(85,'2023-08-17 20:19:54.263735','합정'),(86,'2023-08-17 20:20:07.018234','셔츠'),(87,'2023-08-17 20:20:46.688473','금발'),(88,'2023-08-17 20:21:37.030463','안경'),(89,'2023-08-17 20:24:59.912179','헤드셋'),(90,'2023-08-17 20:25:20.847178','루이스웨인'),(91,'2023-08-17 20:25:20.849500','고양ㅇ'),(92,'2023-08-17 20:25:20.850846','삼성역'),(93,'2023-08-17 20:25:20.852337','코엑스'),(94,'2023-08-17 20:25:49.291019','후드'),(95,'2023-08-17 20:26:23.377190','파랑'),(96,'2023-08-17 20:29:57.956386','한강'),(97,'2023-08-17 20:29:57.957569','선유도'),(98,'2023-08-17 20:29:57.958696','공원'),(99,'2023-08-17 20:31:47.060965','벚꽃'),(100,'2023-08-17 20:31:47.062892','앞머리'),(101,'2023-08-17 20:34:19.823884','몬드리안'),(102,'2023-08-17 20:34:19.825001','이태원'),(103,'2023-08-17 20:34:19.826033','저녁'),(104,'2023-08-17 20:34:19.827006','칵테일'),(105,'2023-08-17 20:34:51.929072','일상'),(106,'2023-08-17 20:35:04.518161','분홍색'),(107,'2023-08-17 20:35:04.519189','후디'),(108,'2023-08-17 20:37:41.171446','보라매공원'),(109,'2023-08-17 20:37:41.173238','잔디'),(110,'2023-08-17 20:37:41.174363','블라우스'),(111,'2023-08-17 20:37:41.175498','하늘색'),(112,'2023-08-17 20:41:01.989566','채채'),(113,'2023-08-17 20:41:30.956474','리나'),(114,'2023-08-17 20:42:05.778511','잎퓨오버미'),(115,'2023-08-17 20:42:59.195416','윈터'),(116,'2023-08-17 20:42:59.196332','윈깅'),(117,'2023-08-17 20:43:14.377999','화이트'),(118,'2023-08-17 20:43:14.380052','시원하게'),(119,'2023-08-17 20:43:52.744847','복날'),(120,'2023-08-17 20:43:52.745848','중복'),(121,'2023-08-17 20:43:52.746860','삼계탕'),(122,'2023-08-17 20:43:52.747820','맛있어'),(123,'2023-08-17 20:44:43.102831','노티드'),(124,'2023-08-17 20:44:43.103813','도넛'),(125,'2023-08-17 20:44:43.104769','우유크림'),(126,'2023-08-17 20:46:24.569314','순대국밥'),(127,'2023-08-17 20:46:24.570427','국밥'),(128,'2023-08-17 20:46:24.571395','든든해'),(129,'2023-08-17 20:46:24.572313','얼큰'),(130,'2023-08-17 20:46:24.573376','순대'),(131,'2023-08-17 20:50:40.848280','소꼬리찜'),(132,'2023-08-17 20:50:40.849249','츄릅'),(133,'2023-08-17 20:51:41.120729','표표'),(134,'2023-08-17 20:51:43.848533','밀크티맛집'),(135,'2023-08-17 20:51:43.849790','커피'),(136,'2023-08-17 20:51:43.851003','드립커피'),(137,'2023-08-17 20:51:43.852105','아이스'),(138,'2023-08-17 20:51:43.853134','아메리카노'),(139,'2023-08-17 20:51:43.854680','아아'),(140,'2023-08-17 20:52:27.317110','주황'),(141,'2023-08-17 20:52:27.318121','오렌지'),(142,'2023-08-17 20:55:00.273363','어복쟁반'),(143,'2023-08-17 20:55:00.274500','능라도'),(144,'2023-08-17 20:55:00.275646','육수'),(145,'2023-08-17 20:56:17.660751','시메사바'),(146,'2023-08-17 20:56:17.661704','고등어'),(147,'2023-08-17 20:56:17.662545','사케'),(148,'2023-08-17 20:59:33.043807','캠핑'),(149,'2023-08-17 20:59:33.044935','경기도'),(150,'2023-08-17 20:59:33.045858','여행'),(151,'2023-08-17 21:02:34.248993','체크'),(152,'2023-08-17 21:03:42.952386','연보라'),(153,'2023-08-17 21:04:21.128771','초록'),(154,'2023-08-17 21:04:21.129733','연두'),(155,'2023-08-17 21:04:21.130785','백바지'),(156,'2023-08-17 21:05:01.148563','니트조끼'),(157,'2023-08-17 21:05:02.723048','치마'),(158,'2023-08-17 21:05:02.724013','긴팔'),(159,'2023-08-17 21:07:30.554854','하프커피'),(160,'2023-08-17 21:07:30.555817','서울숲'),(161,'2023-08-17 21:07:30.556953','일하다가'),(162,'2023-08-17 21:07:30.558042','농땡이'),(163,'2023-08-17 21:14:32.338813','비행기'),(164,'2023-08-17 21:14:32.339942','쉬는시간'),(165,'2023-08-17 21:14:32.341039','즐거워'),(166,'2023-08-17 21:16:12.227698','크리스마스'),(167,'2023-08-17 21:16:12.228611','기숙사'),(168,'2023-08-17 21:17:07.877574','필름카메라'),(169,'2023-08-17 21:17:07.878494','실내'),(170,'2023-08-17 21:17:07.879285','어두워'),(171,'2023-08-17 21:17:55.720643','사진'),(172,'2023-08-17 21:17:55.721665','인화'),(173,'2023-08-17 21:17:55.722614','필름'),(174,'2023-08-17 21:17:55.723362','필카'),(175,'2023-08-17 21:17:55.724192','카메라'),(176,'2023-08-17 21:18:32.490921','단발'),(177,'2023-08-17 21:31:04.690089','꾸안꾸'),(178,'2023-08-17 21:31:04.691943','자연스러운'),(179,'2023-08-17 21:31:04.692770','편한'),(180,'2023-08-17 21:31:04.693496','시원한'),(181,'2023-08-17 21:31:12.239700','호수'),(182,'2023-08-17 21:31:36.906978','밤'),(183,'2023-08-17 21:31:36.907924','꽃'),(184,'2023-08-17 21:31:36.908948','구경'),(185,'2023-08-17 21:31:59.656016','상담룩'),(186,'2023-08-17 21:32:29.360901','보라'),(187,'2023-08-17 21:32:29.361967','반묶음'),(188,'2023-08-17 21:32:30.405616','크롭'),(189,'2023-08-17 21:32:30.406659','청바지'),(190,'2023-08-17 21:32:30.408047','운동화'),(191,'2023-08-17 21:33:16.813814','모나미'),(192,'2023-08-17 21:33:16.814623','블랙앤화이트'),(193,'2023-08-17 21:33:16.815339','세련되게'),(194,'2023-08-17 21:33:52.774589','컨설팅'),(195,'2023-08-17 21:33:52.775478','예약'),(196,'2023-08-17 21:35:30.505500','남자'),(197,'2023-08-17 21:35:30.506624','대학생'),(198,'2023-08-17 21:35:30.508167','맨투맨\r\n반바지'),(199,'2023-08-17 21:35:30.509163','등교'),(200,'2023-08-17 21:35:30.510136','등교룩'),(201,'2023-08-17 21:38:31.398519','코디'),(202,'2023-08-17 21:38:31.400406','편한패션'),(203,'2023-08-17 21:41:46.722720','파티'),(204,'2023-08-17 21:42:36.026679','오프숄더'),(205,'2023-08-17 21:46:58.701573','카키'),(206,'2023-08-17 21:46:58.702508','와이드팬츠'),(207,'2023-08-17 21:46:58.703303','수아레'),(208,'2023-08-17 21:46:58.704018','청남방'),(209,'2023-08-17 21:48:15.746874','시험기간'),(210,'2023-08-17 21:48:15.747743','시험룩'),(211,'2023-08-17 23:29:02.990977','직장인 '),(212,'2023-08-17 23:29:02.992045','데일리 '),(213,'2023-08-17 23:29:02.992825','꾸안꾸 '),(214,'2023-08-17 23:29:02.993570','대학생 '),(215,'2023-08-17 23:29:02.994257','깔끔한 '),(216,'2023-08-17 23:29:02.994904','청바지 '),(217,'2023-08-17 23:29:02.998642','셔츠 '),(218,'2023-08-17 23:32:33.729894','검은티 '),(219,'2023-08-17 23:32:33.730961','편한룩 '),(220,'2023-08-17 23:32:33.732533','출근룩 '),(221,'2023-08-17 23:34:04.375370','올블랙 '),(222,'2023-08-17 23:34:04.376274','핫팬츠 '),(223,'2023-08-17 23:34:04.377248','크롭티 '),(224,'2023-08-17 23:38:33.357533','남자 '),(225,'2023-08-17 23:38:33.358458','여름 '),(226,'2023-08-17 23:38:33.359203','코디 '),(227,'2023-08-17 23:38:33.360046','반팔 '),(228,'2023-08-17 23:39:30.487334','운동화 '),(229,'2023-08-17 23:39:30.488089','흰티 '),(230,'2023-08-17 23:40:16.898942','맨투맨 '),(231,'2023-08-17 23:40:16.899900','반바지 '),(232,'2023-08-17 23:40:16.902274','긴양말 '),(233,'2023-08-17 23:41:29.139743','기본템 '),(234,'2023-08-17 23:42:40.628141','반스 '),(235,'2023-08-17 23:43:31.624033','슬랙스 '),(236,'2023-08-17 23:46:23.385032','수아레 '),(237,'2023-08-17 23:46:23.386269','고무줄바지 '),(238,'2023-08-17 23:46:23.387110','편해요 '),(239,'2023-08-17 23:47:51.931489','반팔셔츠 '),(240,'2023-08-17 23:47:51.932563','레이어드 '),(241,'2023-08-17 23:50:10.861321','창덕궁'),(242,'2023-08-17 23:50:10.862555','데이트'),(243,'2023-08-17 23:51:10.106800','빵모자'),(244,'2023-08-17 23:52:39.669682','강릉');
/*!40000 ALTER TABLE `hashtags` ENABLE KEYS */;
UNLOCK TABLES;

--
-- Table structure for table `images`
--

DROP TABLE IF EXISTS `images`;
/*!40101 SET @saved_cs_client     = @@character_set_client */;
/*!50503 SET character_set_client = utf8mb4 */;
CREATE TABLE `images` (
  `seq` bigint NOT NULL AUTO_INCREMENT,
  `created_at` datetime(6) DEFAULT NULL,
  `image_name` varchar(255) NOT NULL,
  `image_url` text NOT NULL,
  `post_seq` bigint NOT NULL,
  PRIMARY KEY (`seq`),
  KEY `FKqn17lgys9ugmpkxsbtiu9a23c` (`post_seq`),
  CONSTRAINT `FKqn17lgys9ugmpkxsbtiu9a23c` FOREIGN KEY (`post_seq`) REFERENCES `posts` (`post_seq`)
) ENGINE=InnoDB AUTO_INCREMENT=168 DEFAULT CHARSET=utf8mb4 COLLATE=utf8mb4_0900_ai_ci;
/*!40101 SET character_set_client = @saved_cs_client */;

--
-- Dumping data for table `images`
--

LOCK TABLES `images` WRITE;
/*!40000 ALTER TABLE `images` DISABLE KEYS */;
INSERT INTO `images` VALUES (5,'2023-08-17 05:41:53.146087','2023/8/17/f76ba96e-4d8c-4780-a352-d4f89835a812','https://fashionity.s3.ap-northeast-2.amazonaws.com/2023/8/17/f76ba96e-4d8c-4780-a352-d4f89835a812',5),(6,'2023-08-17 06:31:48.235071','2023/8/17/14232ad9-4f02-4a0f-8c9b-d6d09b69fc7d','https://fashionity.s3.ap-northeast-2.amazonaws.com/2023/8/17/14232ad9-4f02-4a0f-8c9b-d6d09b69fc7d',6),(7,'2023-08-17 06:31:48.236692','2023/8/17/cd227759-ba47-4e5f-ab10-0ea223def425','https://fashionity.s3.ap-northeast-2.amazonaws.com/2023/8/17/cd227759-ba47-4e5f-ab10-0ea223def425',6),(8,'2023-08-17 06:31:48.237629','2023/8/17/4df9db47-1cb8-4dbf-8029-6785108c494f','https://fashionity.s3.ap-northeast-2.amazonaws.com/2023/8/17/4df9db47-1cb8-4dbf-8029-6785108c494f',6),(9,'2023-08-17 06:35:37.972700','2023/8/17/a739299c-a4c7-49df-960e-cd1e385067ce','https://fashionity.s3.ap-northeast-2.amazonaws.com/2023/8/17/a739299c-a4c7-49df-960e-cd1e385067ce',7),(10,'2023-08-17 06:35:37.974463','2023/8/17/504be91e-d6c5-4984-b994-0705a7afdd33','https://fashionity.s3.ap-northeast-2.amazonaws.com/2023/8/17/504be91e-d6c5-4984-b994-0705a7afdd33',7),(11,'2023-08-17 06:37:51.164491','2023/8/17/8df93d9d-a88d-4916-976f-74f9968001aa','https://fashionity.s3.ap-northeast-2.amazonaws.com/2023/8/17/8df93d9d-a88d-4916-976f-74f9968001aa',8),(12,'2023-08-17 06:39:38.415496','2023/8/17/359a8f06-3539-4a36-a765-251da970c0c5','https://fashionity.s3.ap-northeast-2.amazonaws.com/2023/8/17/359a8f06-3539-4a36-a765-251da970c0c5',9),(13,'2023-08-17 06:41:15.063074','2023/8/17/a731522b-7ca2-41c1-ab58-7568f5c901cc','https://fashionity.s3.ap-northeast-2.amazonaws.com/2023/8/17/a731522b-7ca2-41c1-ab58-7568f5c901cc',10),(14,'2023-08-17 06:43:24.774699','2023/8/17/c5744e62-0eef-45ac-a14c-cf48d4d884fb','https://fashionity.s3.ap-northeast-2.amazonaws.com/2023/8/17/c5744e62-0eef-45ac-a14c-cf48d4d884fb',11),(15,'2023-08-17 06:43:24.776224','2023/8/17/662e48bb-5f30-4eed-8747-016014089df5','https://fashionity.s3.ap-northeast-2.amazonaws.com/2023/8/17/662e48bb-5f30-4eed-8747-016014089df5',11),(16,'2023-08-17 06:46:05.433429','2023/8/17/31915d45-732f-43db-bbf2-b5b2baca79c5','https://fashionity.s3.ap-northeast-2.amazonaws.com/2023/8/17/31915d45-732f-43db-bbf2-b5b2baca79c5',12),(17,'2023-08-17 06:50:24.944944','2023/8/17/9906c957-cfb6-4cdf-a81a-8b35fc1e607e','https://fashionity.s3.ap-northeast-2.amazonaws.com/2023/8/17/9906c957-cfb6-4cdf-a81a-8b35fc1e607e',13),(18,'2023-08-17 06:51:40.691062','2023/8/17/aa66a437-8236-456b-9c79-baa71dad6d3f','https://fashionity.s3.ap-northeast-2.amazonaws.com/2023/8/17/aa66a437-8236-456b-9c79-baa71dad6d3f',14),(19,'2023-08-17 06:52:36.369634','2023/8/17/fc5d18b8-9b01-414a-a942-3c772e015f08','https://fashionity.s3.ap-northeast-2.amazonaws.com/2023/8/17/fc5d18b8-9b01-414a-a942-3c772e015f08',15),(20,'2023-08-17 06:53:45.434841','2023/8/17/a0ad33a6-50fe-4cfb-b354-b60280ae0a76','https://fashionity.s3.ap-northeast-2.amazonaws.com/2023/8/17/a0ad33a6-50fe-4cfb-b354-b60280ae0a76',16),(21,'2023-08-17 06:55:17.474426','2023/8/17/a92ee52b-b00b-42f4-89da-5c0eb498ad73','https://fashionity.s3.ap-northeast-2.amazonaws.com/2023/8/17/a92ee52b-b00b-42f4-89da-5c0eb498ad73',17),(22,'2023-08-17 07:06:14.517480','2023/8/17/b7f81d0a-d143-4084-be7d-d1b2cd03b114','https://fashionity.s3.ap-northeast-2.amazonaws.com/2023/8/17/b7f81d0a-d143-4084-be7d-d1b2cd03b114',18),(23,'2023-08-17 07:06:58.651145','2023/8/17/dd4f19af-928f-48b0-9416-2391036cb7ed','https://fashionity.s3.ap-northeast-2.amazonaws.com/2023/8/17/dd4f19af-928f-48b0-9416-2391036cb7ed',19),(24,'2023-08-17 07:07:32.244836','2023/8/17/f0bb1fc1-6b4f-4491-b0aa-e444134225f4','https://fashionity.s3.ap-northeast-2.amazonaws.com/2023/8/17/f0bb1fc1-6b4f-4491-b0aa-e444134225f4',20),(25,'2023-08-17 07:07:50.575380','2023/8/17/ef7c9bfc-1f19-4891-91ec-2a826ef7cc5b','https://fashionity.s3.ap-northeast-2.amazonaws.com/2023/8/17/ef7c9bfc-1f19-4891-91ec-2a826ef7cc5b',21),(26,'2023-08-17 07:08:20.837679','2023/8/17/e9c49052-51f1-4f95-8922-07ac655bfcf2','https://fashionity.s3.ap-northeast-2.amazonaws.com/2023/8/17/e9c49052-51f1-4f95-8922-07ac655bfcf2',22),(27,'2023-08-17 07:09:12.663334','2023/8/17/a29a431c-570c-429d-b651-98a134b528f7','https://fashionity.s3.ap-northeast-2.amazonaws.com/2023/8/17/a29a431c-570c-429d-b651-98a134b528f7',23),(28,'2023-08-17 07:14:10.913437','2023/8/17/6cd2602d-370e-4739-acde-3f51dac173e9','https://fashionity.s3.ap-northeast-2.amazonaws.com/2023/8/17/6cd2602d-370e-4739-acde-3f51dac173e9',24),(29,'2023-08-17 07:14:47.531348','2023/8/17/b28851af-88ac-4dad-a502-2ba26692622f','https://fashionity.s3.ap-northeast-2.amazonaws.com/2023/8/17/b28851af-88ac-4dad-a502-2ba26692622f',25),(30,'2023-08-17 07:15:11.216008','2023/8/17/d4d06ad4-58cb-4509-9d2a-8d7df9d6031f','https://fashionity.s3.ap-northeast-2.amazonaws.com/2023/8/17/d4d06ad4-58cb-4509-9d2a-8d7df9d6031f',26),(31,'2023-08-17 07:20:11.096503','2023/8/17/45bfe88a-0e65-488b-bfa4-4121bbbeceaf','https://fashionity.s3.ap-northeast-2.amazonaws.com/2023/8/17/45bfe88a-0e65-488b-bfa4-4121bbbeceaf',27),(32,'2023-08-17 07:20:30.878280','2023/8/17/6f7992b5-be7b-4aeb-b105-54dbce0b7e2f','https://fashionity.s3.ap-northeast-2.amazonaws.com/2023/8/17/6f7992b5-be7b-4aeb-b105-54dbce0b7e2f',28),(33,'2023-08-17 07:21:17.300968','2023/8/17/59c8c1d7-4297-4784-9228-acd434cd3397','https://fashionity.s3.ap-northeast-2.amazonaws.com/2023/8/17/59c8c1d7-4297-4784-9228-acd434cd3397',29),(34,'2023-08-17 07:21:49.148960','2023/8/17/85677fed-5c28-41f1-9936-ca369dee5ed7','https://fashionity.s3.ap-northeast-2.amazonaws.com/2023/8/17/85677fed-5c28-41f1-9936-ca369dee5ed7',30),(35,'2023-08-17 07:22:11.441560','2023/8/17/12d249bf-bafb-4b26-b7fd-34b3c8ab8e4a','https://fashionity.s3.ap-northeast-2.amazonaws.com/2023/8/17/12d249bf-bafb-4b26-b7fd-34b3c8ab8e4a',31),(36,'2023-08-17 07:22:11.443137','2023/8/17/484d173f-6d27-473a-a42d-72afe35e3f77','https://fashionity.s3.ap-northeast-2.amazonaws.com/2023/8/17/484d173f-6d27-473a-a42d-72afe35e3f77',31),(37,'2023-08-17 07:25:38.213729','2023/8/17/0070aa31-567d-48cf-9291-0ce5298aaa11','https://fashionity.s3.ap-northeast-2.amazonaws.com/2023/8/17/0070aa31-567d-48cf-9291-0ce5298aaa11',32),(38,'2023-08-17 07:26:11.072210','2023/8/17/7d6d11fd-d9d9-4c8b-b2b0-9f3b8a697be1','https://fashionity.s3.ap-northeast-2.amazonaws.com/2023/8/17/7d6d11fd-d9d9-4c8b-b2b0-9f3b8a697be1',33),(39,'2023-08-17 07:26:11.073769','2023/8/17/1025f6d1-df2e-491d-a1f7-513113691662','https://fashionity.s3.ap-northeast-2.amazonaws.com/2023/8/17/1025f6d1-df2e-491d-a1f7-513113691662',33),(40,'2023-08-17 07:26:34.575463','2023/8/17/0cb301ef-f216-4e55-b466-34d41d1addd9','https://fashionity.s3.ap-northeast-2.amazonaws.com/2023/8/17/0cb301ef-f216-4e55-b466-34d41d1addd9',34),(41,'2023-08-17 07:26:54.222698','2023/8/17/3f50c6d5-0774-4732-a92d-7f6387e239fb','https://fashionity.s3.ap-northeast-2.amazonaws.com/2023/8/17/3f50c6d5-0774-4732-a92d-7f6387e239fb',35),(42,'2023-08-17 07:27:21.030496','2023/8/17/3bcd2f8a-bcb3-4981-8e7b-5f957f8debec','https://fashionity.s3.ap-northeast-2.amazonaws.com/2023/8/17/3bcd2f8a-bcb3-4981-8e7b-5f957f8debec',36),(43,'2023-08-17 07:33:53.222566','2023/8/17/09f8cad9-b054-4a05-b33e-3f64a86e846c','https://fashionity.s3.ap-northeast-2.amazonaws.com/2023/8/17/09f8cad9-b054-4a05-b33e-3f64a86e846c',37),(44,'2023-08-17 07:34:32.513613','2023/8/17/99df255d-9e6e-4674-95d6-479feff069ec','https://fashionity.s3.ap-northeast-2.amazonaws.com/2023/8/17/99df255d-9e6e-4674-95d6-479feff069ec',38),(45,'2023-08-17 07:38:38.132251','2023/8/17/c957d139-dae6-451d-8580-acc19b749dbe','https://fashionity.s3.ap-northeast-2.amazonaws.com/2023/8/17/c957d139-dae6-451d-8580-acc19b749dbe',39),(47,'2023-08-17 18:11:16.551644','2023/8/17/fb13cb75-b15d-4bf1-8e04-8aa56247ab4a','https://fashionity.s3.ap-northeast-2.amazonaws.com/2023/8/17/fb13cb75-b15d-4bf1-8e04-8aa56247ab4a',41),(48,'2023-08-17 18:11:21.782257','2023/8/17/9710f857-f99a-4235-815e-c8e1a82ea82a','https://fashionity.s3.ap-northeast-2.amazonaws.com/2023/8/17/9710f857-f99a-4235-815e-c8e1a82ea82a',42),(49,'2023-08-17 18:11:48.855046','2023/8/17/28d2b7d4-40d5-40cb-95bd-35ac349e0f32','https://fashionity.s3.ap-northeast-2.amazonaws.com/2023/8/17/28d2b7d4-40d5-40cb-95bd-35ac349e0f32',43),(50,'2023-08-17 18:16:27.324898','2023/8/17/30c9bac3-4882-4afa-99d3-7467789ebf06','https://fashionity.s3.ap-northeast-2.amazonaws.com/2023/8/17/30c9bac3-4882-4afa-99d3-7467789ebf06',44),(51,'2023-08-17 18:16:27.326382','2023/8/17/bad7b27d-fa8b-4d56-8a68-f786d2811bcb','https://fashionity.s3.ap-northeast-2.amazonaws.com/2023/8/17/bad7b27d-fa8b-4d56-8a68-f786d2811bcb',44),(52,'2023-08-17 18:16:51.046566','2023/8/17/378c2c13-17dc-4a6f-886d-293b77d5e19c','https://fashionity.s3.ap-northeast-2.amazonaws.com/2023/8/17/378c2c13-17dc-4a6f-886d-293b77d5e19c',45),(53,'2023-08-17 18:16:51.047981','2023/8/17/659aa836-b553-4dc0-a0ca-10d24cbe8278','https://fashionity.s3.ap-northeast-2.amazonaws.com/2023/8/17/659aa836-b553-4dc0-a0ca-10d24cbe8278',45),(56,'2023-08-17 18:18:52.233792','2023/8/17/7936ad10-237d-41a6-a641-cc41939cf594','https://fashionity.s3.ap-northeast-2.amazonaws.com/2023/8/17/7936ad10-237d-41a6-a641-cc41939cf594',47),(57,'2023-08-17 18:19:40.381355','2023/8/17/62905fce-432f-4f0b-b9e2-23260845084c','https://fashionity.s3.ap-northeast-2.amazonaws.com/2023/8/17/62905fce-432f-4f0b-b9e2-23260845084c',48),(58,'2023-08-17 18:21:08.089898','2023/8/17/0bbfa5f5-64bb-4dde-9325-6fee78cebcad','https://fashionity.s3.ap-northeast-2.amazonaws.com/2023/8/17/0bbfa5f5-64bb-4dde-9325-6fee78cebcad',49),(60,'2023-08-17 18:21:39.623292','2023/8/17/d9de3e95-872a-4ce0-9bc7-dbb37d5432bf','https://fashionity.s3.ap-northeast-2.amazonaws.com/2023/8/17/d9de3e95-872a-4ce0-9bc7-dbb37d5432bf',51),(61,'2023-08-17 18:23:09.706430','2023/8/17/8b351187-1e52-4986-8eb1-ab14e02b564e','https://fashionity.s3.ap-northeast-2.amazonaws.com/2023/8/17/8b351187-1e52-4986-8eb1-ab14e02b564e',52),(62,'2023-08-17 18:23:58.448986','2023/8/17/60f81c2c-3fc0-4ec0-8f76-874a036df7c2','https://fashionity.s3.ap-northeast-2.amazonaws.com/2023/8/17/60f81c2c-3fc0-4ec0-8f76-874a036df7c2',53),(63,'2023-08-17 18:24:31.948693','2023/8/17/ab704a9e-cfee-4204-b3c1-c11b10393d6f','https://fashionity.s3.ap-northeast-2.amazonaws.com/2023/8/17/ab704a9e-cfee-4204-b3c1-c11b10393d6f',54),(64,'2023-08-17 18:25:19.647962','2023/8/17/354ecc02-8b20-42a3-91d2-9671e74131bf','https://fashionity.s3.ap-northeast-2.amazonaws.com/2023/8/17/354ecc02-8b20-42a3-91d2-9671e74131bf',55),(65,'2023-08-17 18:25:57.134048','2023/8/17/0b3e34bc-14a3-49e4-ab46-663100cc0ef8','https://fashionity.s3.ap-northeast-2.amazonaws.com/2023/8/17/0b3e34bc-14a3-49e4-ab46-663100cc0ef8',56),(66,'2023-08-17 18:26:08.301785','2023/8/17/5743ae23-a755-4732-b408-fe85abf114c6','https://fashionity.s3.ap-northeast-2.amazonaws.com/2023/8/17/5743ae23-a755-4732-b408-fe85abf114c6',57),(67,'2023-08-17 18:31:34.961782','2023/8/17/71eaa760-6921-4750-886d-2b709b2a20be','https://fashionity.s3.ap-northeast-2.amazonaws.com/2023/8/17/71eaa760-6921-4750-886d-2b709b2a20be',58),(68,'2023-08-17 18:43:33.440850','2023/8/17/5369bcb0-d833-478d-9344-1e1e39b75855','https://fashionity.s3.ap-northeast-2.amazonaws.com/2023/8/17/5369bcb0-d833-478d-9344-1e1e39b75855',59),(69,'2023-08-17 20:03:20.567062','2023/8/17/b98d2e7c-0caa-4aa2-a4f4-3bac976e0442','https://fashionity.s3.ap-northeast-2.amazonaws.com/2023/8/17/b98d2e7c-0caa-4aa2-a4f4-3bac976e0442',60),(70,'2023-08-17 20:04:37.948199','2023/8/17/dc720198-d9d2-42c7-b0bc-5c6929027d63','https://fashionity.s3.ap-northeast-2.amazonaws.com/2023/8/17/dc720198-d9d2-42c7-b0bc-5c6929027d63',61),(71,'2023-08-17 20:06:42.687877','2023/8/17/95dbe270-0cbf-4939-a029-d4d4e5c9032e','https://fashionity.s3.ap-northeast-2.amazonaws.com/2023/8/17/95dbe270-0cbf-4939-a029-d4d4e5c9032e',62),(76,'2023-08-17 20:08:54.008849','2023/8/17/4a753299-e2a4-4353-9df7-5b96d806290a','https://fashionity.s3.ap-northeast-2.amazonaws.com/2023/8/17/4a753299-e2a4-4353-9df7-5b96d806290a',65),(77,'2023-08-17 20:09:38.365105','2023/8/17/9d0b49e3-fb70-469b-800e-57af8d01ec22','https://fashionity.s3.ap-northeast-2.amazonaws.com/2023/8/17/9d0b49e3-fb70-469b-800e-57af8d01ec22',66),(78,'2023-08-17 20:15:54.899972','2023/8/17/ed08cf8c-4164-40dd-bffe-ec0e6468a454','https://fashionity.s3.ap-northeast-2.amazonaws.com/2023/8/17/ed08cf8c-4164-40dd-bffe-ec0e6468a454',67),(79,'2023-08-17 20:16:41.406302','2023/8/17/7c4550f9-e086-4987-9cbb-1b000546807f','https://fashionity.s3.ap-northeast-2.amazonaws.com/2023/8/17/7c4550f9-e086-4987-9cbb-1b000546807f',68),(80,'2023-08-17 20:17:36.581519','2023/8/17/8eea8a90-846b-460a-9a9f-5b2f76a7f04f','https://fashionity.s3.ap-northeast-2.amazonaws.com/2023/8/17/8eea8a90-846b-460a-9a9f-5b2f76a7f04f',69),(81,'2023-08-17 20:18:36.154080','2023/8/17/c6d729bd-f0ed-4b7a-88d3-85e5bc93ecab','https://fashionity.s3.ap-northeast-2.amazonaws.com/2023/8/17/c6d729bd-f0ed-4b7a-88d3-85e5bc93ecab',70),(82,'2023-08-17 20:19:54.407909','2023/8/17/23f5cef9-216c-4ee6-93a1-0d315b826a77','https://fashionity.s3.ap-northeast-2.amazonaws.com/2023/8/17/23f5cef9-216c-4ee6-93a1-0d315b826a77',71),(83,'2023-08-17 20:20:07.159305','2023/8/17/8db7929f-5fb6-4d68-ad71-26a5c1231b8b','https://fashionity.s3.ap-northeast-2.amazonaws.com/2023/8/17/8db7929f-5fb6-4d68-ad71-26a5c1231b8b',72),(84,'2023-08-17 20:20:46.898462','2023/8/17/653fef9e-6a41-4162-853d-93ace221379c','https://fashionity.s3.ap-northeast-2.amazonaws.com/2023/8/17/653fef9e-6a41-4162-853d-93ace221379c',73),(85,'2023-08-17 20:21:37.252112','2023/8/17/11593d1a-d5a1-4e56-bcf7-52bebca76698','https://fashionity.s3.ap-northeast-2.amazonaws.com/2023/8/17/11593d1a-d5a1-4e56-bcf7-52bebca76698',74),(86,'2023-08-17 20:25:00.123434','2023/8/17/50d7ae76-1a15-4b5f-b103-9f96f5f8323e','https://fashionity.s3.ap-northeast-2.amazonaws.com/2023/8/17/50d7ae76-1a15-4b5f-b103-9f96f5f8323e',75),(87,'2023-08-17 20:25:21.042064','2023/8/17/63dd5196-849f-4a6c-903e-1400dccb8f9e','https://fashionity.s3.ap-northeast-2.amazonaws.com/2023/8/17/63dd5196-849f-4a6c-903e-1400dccb8f9e',76),(88,'2023-08-17 20:25:49.515871','2023/8/17/994c8e9e-abab-4147-b26c-67e10ef0e1f7','https://fashionity.s3.ap-northeast-2.amazonaws.com/2023/8/17/994c8e9e-abab-4147-b26c-67e10ef0e1f7',77),(89,'2023-08-17 20:26:23.549573','2023/8/17/d68379c1-3b02-470a-bb2e-0bb9a8a370fc','https://fashionity.s3.ap-northeast-2.amazonaws.com/2023/8/17/d68379c1-3b02-470a-bb2e-0bb9a8a370fc',78),(90,'2023-08-17 20:29:58.116211','2023/8/17/dd0fc82f-3920-4dd1-868f-41964b2ff19c','https://fashionity.s3.ap-northeast-2.amazonaws.com/2023/8/17/dd0fc82f-3920-4dd1-868f-41964b2ff19c',79),(91,'2023-08-17 20:31:47.240474','2023/8/17/3ca65465-3902-4df0-9147-e5c6a570eed4','https://fashionity.s3.ap-northeast-2.amazonaws.com/2023/8/17/3ca65465-3902-4df0-9147-e5c6a570eed4',80),(92,'2023-08-17 20:34:19.971267','2023/8/17/0f4a4eec-9f4f-4f5d-a082-33613ac7cb4a','https://fashionity.s3.ap-northeast-2.amazonaws.com/2023/8/17/0f4a4eec-9f4f-4f5d-a082-33613ac7cb4a',81),(93,'2023-08-17 20:35:04.764502','2023/8/17/ec41535a-91ab-4abb-bde6-908af9863266','https://fashionity.s3.ap-northeast-2.amazonaws.com/2023/8/17/ec41535a-91ab-4abb-bde6-908af9863266',82),(94,'2023-08-17 20:37:41.321041','2023/8/17/f4c92b81-9877-4aaf-99af-1468d5adcee6','https://fashionity.s3.ap-northeast-2.amazonaws.com/2023/8/17/f4c92b81-9877-4aaf-99af-1468d5adcee6',83),(95,'2023-08-17 20:41:02.256922','2023/8/17/95bf6800-f59d-42dd-9091-182c920258b3','https://fashionity.s3.ap-northeast-2.amazonaws.com/2023/8/17/95bf6800-f59d-42dd-9091-182c920258b3',84),(96,'2023-08-17 20:41:31.137738','2023/8/17/f49c6ac9-6255-44e4-8432-d2401836c4a1','https://fashionity.s3.ap-northeast-2.amazonaws.com/2023/8/17/f49c6ac9-6255-44e4-8432-d2401836c4a1',85),(97,'2023-08-17 20:42:05.983600','2023/8/17/1b5d356c-db7b-4d94-a1dc-6c744f4f5605','https://fashionity.s3.ap-northeast-2.amazonaws.com/2023/8/17/1b5d356c-db7b-4d94-a1dc-6c744f4f5605',86),(98,'2023-08-17 20:42:59.404177','2023/8/17/e43c9021-8406-4683-867f-ed762173e7cf','https://fashionity.s3.ap-northeast-2.amazonaws.com/2023/8/17/e43c9021-8406-4683-867f-ed762173e7cf',87),(99,'2023-08-17 20:43:14.532220','2023/8/17/c3fbb6f1-3d2f-4425-a623-d081abe3fadd','https://fashionity.s3.ap-northeast-2.amazonaws.com/2023/8/17/c3fbb6f1-3d2f-4425-a623-d081abe3fadd',88),(100,'2023-08-17 20:43:19.958818','2023/8/17/1ef608f5-1294-4f5b-84af-f42921876037','https://fashionity.s3.ap-northeast-2.amazonaws.com/2023/8/17/1ef608f5-1294-4f5b-84af-f42921876037',89),(101,'2023-08-17 20:43:52.903013','2023/8/17/c0f87b47-a0d0-41a6-83cf-421f4446e944','https://fashionity.s3.ap-northeast-2.amazonaws.com/2023/8/17/c0f87b47-a0d0-41a6-83cf-421f4446e944',90),(102,'2023-08-17 20:44:43.297697','2023/8/17/958e9b0f-c80e-4225-81df-5e06cad24d37','https://fashionity.s3.ap-northeast-2.amazonaws.com/2023/8/17/958e9b0f-c80e-4225-81df-5e06cad24d37',91),(103,'2023-08-17 20:46:24.784819','2023/8/17/56d3c921-89d9-413f-93fe-941e5ae50401','https://fashionity.s3.ap-northeast-2.amazonaws.com/2023/8/17/56d3c921-89d9-413f-93fe-941e5ae50401',92),(104,'2023-08-17 20:50:41.016298','2023/8/17/48c65d4e-eb84-4ee0-b5be-06d63d0e687c','https://fashionity.s3.ap-northeast-2.amazonaws.com/2023/8/17/48c65d4e-eb84-4ee0-b5be-06d63d0e687c',93),(105,'2023-08-17 20:51:41.297557','2023/8/17/ac73e481-5a05-41d7-a56a-481499e8cd95','https://fashionity.s3.ap-northeast-2.amazonaws.com/2023/8/17/ac73e481-5a05-41d7-a56a-481499e8cd95',94),(106,'2023-08-17 20:51:43.905681','2023/8/17/f8e6b881-5f38-411c-ab9b-810d50d1af59','https://fashionity.s3.ap-northeast-2.amazonaws.com/2023/8/17/f8e6b881-5f38-411c-ab9b-810d50d1af59',95),(107,'2023-08-17 20:52:02.985208','2023/8/17/a3953025-063f-47a2-88d1-29db73edbbbb','https://fashionity.s3.ap-northeast-2.amazonaws.com/2023/8/17/a3953025-063f-47a2-88d1-29db73edbbbb',96),(108,'2023-08-17 20:52:27.484476','2023/8/17/9f3904a7-2b7f-48b2-af5a-8c5513d77134','https://fashionity.s3.ap-northeast-2.amazonaws.com/2023/8/17/9f3904a7-2b7f-48b2-af5a-8c5513d77134',97),(109,'2023-08-17 20:54:31.394899','2023/8/17/4909c494-a2c1-4ac4-b327-6c4b8809dde9','https://fashionity.s3.ap-northeast-2.amazonaws.com/2023/8/17/4909c494-a2c1-4ac4-b327-6c4b8809dde9',98),(110,'2023-08-17 20:55:01.081128','2023/8/17/ac672940-6d85-4aee-9f9f-c207d0e6530c','https://fashionity.s3.ap-northeast-2.amazonaws.com/2023/8/17/ac672940-6d85-4aee-9f9f-c207d0e6530c',99),(111,'2023-08-17 20:56:17.813172','2023/8/17/a8e1f8c7-8ba6-4845-b40c-a66951e816ef','https://fashionity.s3.ap-northeast-2.amazonaws.com/2023/8/17/a8e1f8c7-8ba6-4845-b40c-a66951e816ef',100),(112,'2023-08-17 20:59:33.285863','2023/8/17/98b43181-4aa1-45d5-936d-781a8a20c16b','https://fashionity.s3.ap-northeast-2.amazonaws.com/2023/8/17/98b43181-4aa1-45d5-936d-781a8a20c16b',101),(113,'2023-08-17 21:02:06.436146','2023/8/17/66e7f2af-7adb-4b83-963d-36da8c1e2829','https://fashionity.s3.ap-northeast-2.amazonaws.com/2023/8/17/66e7f2af-7adb-4b83-963d-36da8c1e2829',102),(114,'2023-08-17 21:02:34.384799','2023/8/17/84f389a5-7474-441d-9e98-b4be8d6faebb','https://fashionity.s3.ap-northeast-2.amazonaws.com/2023/8/17/84f389a5-7474-441d-9e98-b4be8d6faebb',103),(115,'2023-08-17 21:03:43.166865','2023/8/17/53cde126-6ab8-405a-b234-01d60c7f0fc0','https://fashionity.s3.ap-northeast-2.amazonaws.com/2023/8/17/53cde126-6ab8-405a-b234-01d60c7f0fc0',104),(116,'2023-08-17 21:04:21.294155','2023/8/17/7cf19b6c-ee68-4fb4-96c8-1b8e6b9ee3c0','https://fashionity.s3.ap-northeast-2.amazonaws.com/2023/8/17/7cf19b6c-ee68-4fb4-96c8-1b8e6b9ee3c0',105),(117,'2023-08-17 21:05:01.360238','2023/8/17/5a60b8b6-8fa0-43ec-bfb9-1737906bad55','https://fashionity.s3.ap-northeast-2.amazonaws.com/2023/8/17/5a60b8b6-8fa0-43ec-bfb9-1737906bad55',106),(118,'2023-08-17 21:05:02.916141','2023/8/17/409f190c-4f7d-49f3-9e17-aee7035b9bf2','https://fashionity.s3.ap-northeast-2.amazonaws.com/2023/8/17/409f190c-4f7d-49f3-9e17-aee7035b9bf2',107),(119,'2023-08-17 21:07:30.731164','2023/8/17/bd6b6e54-13f4-498a-95a0-1a15a5e83033','https://fashionity.s3.ap-northeast-2.amazonaws.com/2023/8/17/bd6b6e54-13f4-498a-95a0-1a15a5e83033',108),(120,'2023-08-17 21:14:32.524508','2023/8/17/3afb3488-1d50-43d4-81a2-58a03df3202a','https://fashionity.s3.ap-northeast-2.amazonaws.com/2023/8/17/3afb3488-1d50-43d4-81a2-58a03df3202a',109),(121,'2023-08-17 21:16:12.392667','2023/8/17/9f4b4064-efa6-4375-a574-40750a7739ea','https://fashionity.s3.ap-northeast-2.amazonaws.com/2023/8/17/9f4b4064-efa6-4375-a574-40750a7739ea',110),(122,'2023-08-17 21:17:08.084981','2023/8/17/74852c8b-1ef8-448b-9259-dbb87f6e1122','https://fashionity.s3.ap-northeast-2.amazonaws.com/2023/8/17/74852c8b-1ef8-448b-9259-dbb87f6e1122',111),(123,'2023-08-17 21:17:55.897476','2023/8/17/0b733ed5-8ec9-4115-b744-4b86074744a1','https://fashionity.s3.ap-northeast-2.amazonaws.com/2023/8/17/0b733ed5-8ec9-4115-b744-4b86074744a1',112),(124,'2023-08-17 21:18:32.702512','2023/8/17/86025807-825f-4d8c-91d5-969ab8f254aa','https://fashionity.s3.ap-northeast-2.amazonaws.com/2023/8/17/86025807-825f-4d8c-91d5-969ab8f254aa',113),(125,'2023-08-17 21:31:05.188058','2023/8/17/8793a669-a7a5-47a7-b273-c0b80f80db0a','https://fashionity.s3.ap-northeast-2.amazonaws.com/2023/8/17/8793a669-a7a5-47a7-b273-c0b80f80db0a',114),(126,'2023-08-17 21:31:05.189110','2023/8/17/e15323f0-73d8-4ab8-86fe-6b2b2a397771','https://fashionity.s3.ap-northeast-2.amazonaws.com/2023/8/17/e15323f0-73d8-4ab8-86fe-6b2b2a397771',114),(127,'2023-08-17 21:31:05.189749','2023/8/17/61903e44-8409-4826-8259-d24576a7d506','https://fashionity.s3.ap-northeast-2.amazonaws.com/2023/8/17/61903e44-8409-4826-8259-d24576a7d506',114),(128,'2023-08-17 21:31:12.351441','2023/8/17/c11d1fdf-de87-4f38-83ac-773404d7558e','https://fashionity.s3.ap-northeast-2.amazonaws.com/2023/8/17/c11d1fdf-de87-4f38-83ac-773404d7558e',115),(129,'2023-08-17 21:31:37.113695','2023/8/17/fd764f5b-5bc9-4f57-9141-cd6ef164b6f4','https://fashionity.s3.ap-northeast-2.amazonaws.com/2023/8/17/fd764f5b-5bc9-4f57-9141-cd6ef164b6f4',116),(130,'2023-08-17 21:31:59.809634','2023/8/17/769edf54-89a3-4623-81a8-03f872c8f643','https://fashionity.s3.ap-northeast-2.amazonaws.com/2023/8/17/769edf54-89a3-4623-81a8-03f872c8f643',117),(131,'2023-08-17 21:32:29.582252','2023/8/17/a3d6b1b2-e1ad-49e3-bca9-289665515d0d','https://fashionity.s3.ap-northeast-2.amazonaws.com/2023/8/17/a3d6b1b2-e1ad-49e3-bca9-289665515d0d',118),(132,'2023-08-17 21:32:30.580143','2023/8/17/b1a5f1a1-dc69-473a-94a5-65e8cc2e5a74','https://fashionity.s3.ap-northeast-2.amazonaws.com/2023/8/17/b1a5f1a1-dc69-473a-94a5-65e8cc2e5a74',119),(133,'2023-08-17 21:33:16.973470','2023/8/17/f7643af1-b1d2-456d-879a-fc800076d4bf','https://fashionity.s3.ap-northeast-2.amazonaws.com/2023/8/17/f7643af1-b1d2-456d-879a-fc800076d4bf',120),(134,'2023-08-17 21:33:52.880950','2023/8/17/a6f5dff2-2c11-49fc-aaf2-c372d1a3facb','https://fashionity.s3.ap-northeast-2.amazonaws.com/2023/8/17/a6f5dff2-2c11-49fc-aaf2-c372d1a3facb',121),(135,'2023-08-17 21:34:57.786853','2023/8/17/c55cbc38-113d-41a8-86e6-dd9924fe3ac7','https://fashionity.s3.ap-northeast-2.amazonaws.com/2023/8/17/c55cbc38-113d-41a8-86e6-dd9924fe3ac7',122),(136,'2023-08-17 21:35:30.709097','2023/8/17/5f47f699-0c5a-4f9f-879b-9101d36c6419','https://fashionity.s3.ap-northeast-2.amazonaws.com/2023/8/17/5f47f699-0c5a-4f9f-879b-9101d36c6419',123),(137,'2023-08-17 21:35:39.595684','2023/8/17/bc66b0fb-850f-457a-9191-b682567ae258','https://fashionity.s3.ap-northeast-2.amazonaws.com/2023/8/17/bc66b0fb-850f-457a-9191-b682567ae258',124),(138,'2023-08-17 21:37:18.943123','2023/8/17/c36dbfe0-3fc6-4a74-b165-556130728637','https://fashionity.s3.ap-northeast-2.amazonaws.com/2023/8/17/c36dbfe0-3fc6-4a74-b165-556130728637',125),(139,'2023-08-17 21:38:15.579469','2023/8/17/959addb7-d01e-4f74-87dc-f07196ccc95a','https://fashionity.s3.ap-northeast-2.amazonaws.com/2023/8/17/959addb7-d01e-4f74-87dc-f07196ccc95a',126),(140,'2023-08-17 21:38:31.578783','2023/8/17/bbef32aa-c818-4b0d-b261-bcc8ed8059b2','https://fashionity.s3.ap-northeast-2.amazonaws.com/2023/8/17/bbef32aa-c818-4b0d-b261-bcc8ed8059b2',127),(141,'2023-08-17 21:39:21.232621','2023/8/17/2cc0af92-0007-4b49-9bce-27285126a8b8','https://fashionity.s3.ap-northeast-2.amazonaws.com/2023/8/17/2cc0af92-0007-4b49-9bce-27285126a8b8',128),(142,'2023-08-17 21:41:46.994234','2023/8/17/5118d0f3-c45e-4eab-9fb8-711d8f37faee','https://fashionity.s3.ap-northeast-2.amazonaws.com/2023/8/17/5118d0f3-c45e-4eab-9fb8-711d8f37faee',129),(143,'2023-08-17 21:41:46.995339','2023/8/17/ad3fb358-57df-4b5b-8892-cf947ed1bb8f','https://fashionity.s3.ap-northeast-2.amazonaws.com/2023/8/17/ad3fb358-57df-4b5b-8892-cf947ed1bb8f',129),(144,'2023-08-17 21:42:36.229132','2023/8/17/b37565c0-338b-4633-8287-6944921bcbed','https://fashionity.s3.ap-northeast-2.amazonaws.com/2023/8/17/b37565c0-338b-4633-8287-6944921bcbed',130),(145,'2023-08-17 21:42:58.458184','2023/8/17/62696076-55af-44ee-869a-7d87b0716650','https://fashionity.s3.ap-northeast-2.amazonaws.com/2023/8/17/62696076-55af-44ee-869a-7d87b0716650',131),(146,'2023-08-17 21:43:56.611276','2023/8/17/7b021419-7ab3-404d-ba75-ba072288f74b','https://fashionity.s3.ap-northeast-2.amazonaws.com/2023/8/17/7b021419-7ab3-404d-ba75-ba072288f74b',132),(147,'2023-08-17 21:44:18.170234','2023/8/17/53c3eb68-5774-4120-a67c-ce6be34565eb','https://fashionity.s3.ap-northeast-2.amazonaws.com/2023/8/17/53c3eb68-5774-4120-a67c-ce6be34565eb',133),(148,'2023-08-17 21:45:41.726962','2023/8/17/d6f852d5-48dc-4669-a04d-0d43d0b49311','https://fashionity.s3.ap-northeast-2.amazonaws.com/2023/8/17/d6f852d5-48dc-4669-a04d-0d43d0b49311',134),(149,'2023-08-17 21:46:58.930304','2023/8/17/2a05e910-7052-42c7-8b6b-cfe5acd7031c','https://fashionity.s3.ap-northeast-2.amazonaws.com/2023/8/17/2a05e910-7052-42c7-8b6b-cfe5acd7031c',135),(150,'2023-08-17 21:48:15.925843','2023/8/17/1a250e28-cb99-42d5-8d27-0389d9c5e81f','https://fashionity.s3.ap-northeast-2.amazonaws.com/2023/8/17/1a250e28-cb99-42d5-8d27-0389d9c5e81f',136),(151,'2023-08-17 23:29:03.173179','2023/8/17/889eaaa7-a49f-4197-be68-e3bf9cdacea6','https://fashionity.s3.ap-northeast-2.amazonaws.com/2023/8/17/889eaaa7-a49f-4197-be68-e3bf9cdacea6',137),(152,'2023-08-17 23:32:33.948216','2023/8/17/857f3086-433b-469c-8ff8-509f2147b1e4','https://fashionity.s3.ap-northeast-2.amazonaws.com/2023/8/17/857f3086-433b-469c-8ff8-509f2147b1e4',138),(153,'2023-08-17 23:34:04.590061','2023/8/17/95a3b66b-1b06-4d49-844d-2cf3bd627d76','https://fashionity.s3.ap-northeast-2.amazonaws.com/2023/8/17/95a3b66b-1b06-4d49-844d-2cf3bd627d76',139),(154,'2023-08-17 23:38:33.527556','2023/8/17/7b31e91b-6194-4941-a640-2c8ae6e1f0f9','https://fashionity.s3.ap-northeast-2.amazonaws.com/2023/8/17/7b31e91b-6194-4941-a640-2c8ae6e1f0f9',140),(155,'2023-08-17 23:39:30.643627','2023/8/17/7a5c1fd2-94b0-462c-8316-18d1d00eb856','https://fashionity.s3.ap-northeast-2.amazonaws.com/2023/8/17/7a5c1fd2-94b0-462c-8316-18d1d00eb856',141),(156,'2023-08-17 23:40:17.086198','2023/8/17/c4ea549b-299b-4274-86c7-9263a4e1ef01','https://fashionity.s3.ap-northeast-2.amazonaws.com/2023/8/17/c4ea549b-299b-4274-86c7-9263a4e1ef01',142),(157,'2023-08-17 23:41:29.322130','2023/8/17/628fac00-f256-4a3e-b5b5-8735f0f78850','https://fashionity.s3.ap-northeast-2.amazonaws.com/2023/8/17/628fac00-f256-4a3e-b5b5-8735f0f78850',143),(158,'2023-08-17 23:42:40.814258','2023/8/17/707d3c7d-3caf-4c71-841c-f3520d07693e','https://fashionity.s3.ap-northeast-2.amazonaws.com/2023/8/17/707d3c7d-3caf-4c71-841c-f3520d07693e',144),(159,'2023-08-17 23:43:31.695235','2023/8/17/3f967a2c-de00-45e6-9ae8-0a633270b583','https://fashionity.s3.ap-northeast-2.amazonaws.com/2023/8/17/3f967a2c-de00-45e6-9ae8-0a633270b583',145),(160,'2023-08-17 23:44:43.292595','2023/8/17/01abfa93-8cda-4cb7-8e64-3f2594b1743d','https://fashionity.s3.ap-northeast-2.amazonaws.com/2023/8/17/01abfa93-8cda-4cb7-8e64-3f2594b1743d',146),(161,'2023-08-17 23:46:23.560452','2023/8/17/7eb54cc0-1b04-4b08-b474-89f82f644eaf','https://fashionity.s3.ap-northeast-2.amazonaws.com/2023/8/17/7eb54cc0-1b04-4b08-b474-89f82f644eaf',147),(162,'2023-08-17 23:47:52.120688','2023/8/17/f516b19d-efc2-4a1b-b756-8cdd290299e5','https://fashionity.s3.ap-northeast-2.amazonaws.com/2023/8/17/f516b19d-efc2-4a1b-b756-8cdd290299e5',148),(167,'2023-08-18 00:50:07.344076','2023/8/18/5df5607b-14db-4ff5-a8e6-c888977ea772','https://fashionity.s3.ap-northeast-2.amazonaws.com/2023/8/18/5df5607b-14db-4ff5-a8e6-c888977ea772',152);
/*!40000 ALTER TABLE `images` ENABLE KEYS */;
UNLOCK TABLES;

--
-- Table structure for table `member_reservation_images`
--

DROP TABLE IF EXISTS `member_reservation_images`;
/*!40101 SET @saved_cs_client     = @@character_set_client */;
/*!50503 SET character_set_client = utf8mb4 */;
CREATE TABLE `member_reservation_images` (
  `image_seq` bigint NOT NULL AUTO_INCREMENT,
  `created_at` datetime(6) DEFAULT NULL,
  `image_url` text NOT NULL,
  `reservation_seq` bigint NOT NULL,
  PRIMARY KEY (`image_seq`),
  KEY `FKnp83u2grjw6tfppgyib609hp1` (`reservation_seq`),
  CONSTRAINT `FKnp83u2grjw6tfppgyib609hp1` FOREIGN KEY (`reservation_seq`) REFERENCES `reservations` (`reservation_seq`)
) ENGINE=InnoDB AUTO_INCREMENT=21 DEFAULT CHARSET=utf8mb4 COLLATE=utf8mb4_0900_ai_ci;
/*!40101 SET character_set_client = @saved_cs_client */;

--
-- Dumping data for table `member_reservation_images`
--

LOCK TABLES `member_reservation_images` WRITE;
/*!40000 ALTER TABLE `member_reservation_images` DISABLE KEYS */;
INSERT INTO `member_reservation_images` VALUES (1,'2023-08-18 00:29:23.299059','https://fashionity.s3.ap-northeast-2.amazonaws.com/2023/8/18/84f36fc5-40f9-43ae-bd20-c19b8431370c',1),(2,'2023-08-18 00:33:51.791344','https://fashionity.s3.ap-northeast-2.amazonaws.com/2023/8/18/b12ead2d-43f4-42d5-a5ff-859d2747636c',2),(3,'2023-08-18 00:33:51.793005','https://fashionity.s3.ap-northeast-2.amazonaws.com/2023/8/18/f767118d-2a30-4626-afee-01b72c725634',2),(4,'2023-08-18 01:00:05.282809','https://fashionity.s3.ap-northeast-2.amazonaws.com/2023/8/18/2da7729a-648f-42e7-b7c3-c8574cd0cef8',3),(5,'2023-08-18 01:00:05.289455','https://fashionity.s3.ap-northeast-2.amazonaws.com/2023/8/18/d57ba3c8-02d8-4d97-b194-233364a9c54c',3),(6,'2023-08-18 01:00:05.290498','https://fashionity.s3.ap-northeast-2.amazonaws.com/2023/8/18/10ab2eb3-4d8e-4069-bb45-0f08ffe25c3d',3),(7,'2023-08-18 01:00:05.291428','https://fashionity.s3.ap-northeast-2.amazonaws.com/2023/8/18/6fca579c-6e41-4d3c-ab3b-b9799eb1da3e',3),(8,'2023-08-18 01:02:45.914883','https://fashionity.s3.ap-northeast-2.amazonaws.com/2023/8/18/241b1ae1-a9e8-41d6-a378-ecb63e259097',4),(9,'2023-08-18 01:02:45.916345','https://fashionity.s3.ap-northeast-2.amazonaws.com/2023/8/18/dfcff0dc-ab73-4732-941f-405a9bf9e754',4),(10,'2023-08-18 01:14:15.607294','https://fashionity.s3.ap-northeast-2.amazonaws.com/2023/8/18/e8287e54-226e-4097-a968-bd9785ec6a39',5),(11,'2023-08-18 01:17:19.490460','https://fashionity.s3.ap-northeast-2.amazonaws.com/2023/8/18/9d9bcaa9-21ac-4c4b-93a0-6afd9a904a90',6),(12,'2023-08-18 01:22:59.519953','https://fashionity.s3.ap-northeast-2.amazonaws.com/2023/8/18/785a9932-0501-4944-ac10-0bae15bf78df',9),(13,'2023-08-18 01:27:01.222489','https://fashionity.s3.ap-northeast-2.amazonaws.com/2023/8/18/5f54d867-3780-4f75-8dd7-59208b660fe0',11),(14,'2023-08-18 01:27:01.223865','https://fashionity.s3.ap-northeast-2.amazonaws.com/2023/8/18/9639c754-9a60-44bc-983d-b635d03d3a99',11),(17,'2023-08-18 02:31:25.194735','https://fashionity.s3.ap-northeast-2.amazonaws.com/2023/8/18/083b2325-03fe-4637-a32d-6c8d96099951',17),(18,'2023-08-18 10:31:58.335762','https://fashionity.s3.ap-northeast-2.amazonaws.com/2023/8/18/f4cdf59d-aec1-40b7-8b1c-62fa763bb578',21),(19,'2023-08-18 10:36:08.805011','https://fashionity.s3.ap-northeast-2.amazonaws.com/2023/8/18/1aab0e2f-32e3-486e-89aa-ed423cda7aa8',22),(20,'2023-08-18 10:37:15.933431','https://fashionity.s3.ap-northeast-2.amazonaws.com/2023/8/18/203c52e1-2736-46ee-89ee-190900cbaf2f',23);
/*!40000 ALTER TABLE `member_reservation_images` ENABLE KEYS */;
UNLOCK TABLES;

--
-- Table structure for table `member_types`
--

DROP TABLE IF EXISTS `member_types`;
/*!40101 SET @saved_cs_client     = @@character_set_client */;
/*!50503 SET character_set_client = utf8mb4 */;
CREATE TABLE `member_types` (
  `member_type_seq` bigint NOT NULL AUTO_INCREMENT,
  `member_type_role` varchar(20) NOT NULL,
  `member_seq` bigint NOT NULL,
  PRIMARY KEY (`member_type_seq`),
  KEY `FKexf4yi8vuag7itibkcjfpss4u` (`member_seq`),
  CONSTRAINT `FKexf4yi8vuag7itibkcjfpss4u` FOREIGN KEY (`member_seq`) REFERENCES `members` (`member_seq`)
) ENGINE=InnoDB AUTO_INCREMENT=50 DEFAULT CHARSET=utf8mb4 COLLATE=utf8mb4_0900_ai_ci;
/*!40101 SET character_set_client = @saved_cs_client */;

--
-- Dumping data for table `member_types`
--

LOCK TABLES `member_types` WRITE;
/*!40000 ALTER TABLE `member_types` DISABLE KEYS */;
INSERT INTO `member_types` VALUES (1,'USER',1),(2,'USER',2),(3,'USER',3),(4,'USER',4),(5,'USER',5),(6,'USER',6),(7,'USER',7),(8,'USER',8),(9,'USER',9),(10,'USER',10),(11,'USER',11),(12,'USER',12),(13,'USER',13),(14,'USER',14),(15,'USER',15),(16,'USER',16),(17,'USER',17),(18,'USER',18),(19,'USER',19),(20,'USER',20),(21,'USER',21),(22,'USER',22),(23,'USER',23),(24,'USER',24),(25,'USER',25),(26,'USER',26),(27,'USER',27),(28,'USER',28),(29,'USER',29),(30,'USER',30),(31,'CONSULTANT',17),(32,'CONSULTANT',29),(33,'USER',31),(34,'USER',32),(35,'USER',33),(36,'USER',34),(37,'USER',35),(38,'USER',36),(39,'USER',37),(40,'CONSULTANT',37),(41,'USER',38),(42,'CONSULTANT',36),(43,'CONSULTANT',38),(44,'CONSULTANT',20),(45,'CONSULTANT',30),(46,'CONSULTANT',32),(47,'CONSULTANT',33),(48,'CONSULTANT',34),(49,'CONSULTANT',35);
/*!40000 ALTER TABLE `member_types` ENABLE KEYS */;
UNLOCK TABLES;

--
-- Table structure for table `members`
--

DROP TABLE IF EXISTS `members`;
/*!40101 SET @saved_cs_client     = @@character_set_client */;
/*!50503 SET character_set_client = utf8mb4 */;
CREATE TABLE `members` (
  `member_seq` bigint NOT NULL AUTO_INCREMENT,
  `created_at` datetime(6) DEFAULT NULL,
  `deleted_at` datetime(6) DEFAULT NULL,
  `updated_at` datetime(6) DEFAULT NULL,
  `member_age` int DEFAULT NULL,
  `member_email` varchar(255) NOT NULL,
  `member_gender` varchar(20) DEFAULT NULL,
  `member_height` float DEFAULT NULL,
  `member_id` varchar(20) NOT NULL,
  `member_nickname` varchar(13) NOT NULL,
  `member_pw` varchar(60) NOT NULL,
  `member_personalcolor` varchar(20) DEFAULT NULL,
  `member_profile_intro` varchar(50) DEFAULT NULL,
  `member_profile_name` varchar(255) DEFAULT NULL,
  `member_profile_url` text,
  `member_sns` bit(1) NOT NULL DEFAULT b'0',
  `member_sns_type` varchar(20) DEFAULT NULL,
  `member_weight` float DEFAULT NULL,
  PRIMARY KEY (`member_seq`),
  UNIQUE KEY `UK_835lvjlms8astl3cgutrgb0c5` (`member_email`),
  UNIQUE KEY `UK_a0blmct9dbqjov7daxjt4fw6e` (`member_id`),
  UNIQUE KEY `UK_qenclee3arkb7j64bdduvd7ck` (`member_nickname`)
) ENGINE=InnoDB AUTO_INCREMENT=39 DEFAULT CHARSET=utf8mb4 COLLATE=utf8mb4_0900_ai_ci;
/*!40101 SET character_set_client = @saved_cs_client */;

--
-- Dumping data for table `members`
--

LOCK TABLES `members` WRITE;
/*!40000 ALTER TABLE `members` DISABLE KEYS */;
INSERT INTO `members` VALUES (1,'2023-08-17 04:58:24.401201',NULL,'2023-08-18 10:31:58.350124',NULL,'rlagusdnr120@gmail.com','MALE',168,'rlagusdnr120','khu147','$2a$10$lVS8U6KSuWpbD5aEDy4uwOC0jCTOqaU66dApCS73/OJkdpQlxJ9fi','UNKNOWN','ENFP 개발자입니다~','2023/8/17/506c7512-f789-454d-b151-e6bcd902366c','https://fashionity.s3.ap-northeast-2.amazonaws.com/2023/8/17/506c7512-f789-454d-b151-e6bcd902366c',_binary '\0',NULL,54),(2,'2023-08-17 05:01:38.866731',NULL,'2023-08-18 02:31:25.209913',NULL,'pooiiiu4100@gmail.com','MALE',180,'pooiiiu4100','kth0706','$2a$10$Ck2wAHUR1LakdidepbrUK.2yyWwA2LfUPK4zpHz5BryTZ3C0rOqBS','UNKNOWN','','2023/8/17/85e00a81-55ae-479a-8d1b-c36174654c76','https://fashionity.s3.ap-northeast-2.amazonaws.com/2023/8/17/85e00a81-55ae-479a-8d1b-c36174654c76',_binary '\0',NULL,70),(3,'2023-08-17 06:16:19.660110',NULL,'2023-08-18 02:47:59.050049',NULL,'bsrg100@naver.com','MALE',123,'bsrg100','bsrg100','$2a$10$QfWfyJviv2jLHeHrVdiph.G/IDeVypnjF1HDc.i8t1fdpMxzb8I.y','UNKNOWN','안녕 푸바오~','2023/8/17/793a5c3b-c517-43c9-86c2-13e938cea292','https://fashionity.s3.ap-northeast-2.amazonaws.com/2023/8/17/793a5c3b-c517-43c9-86c2-13e938cea292',_binary '\0',NULL,123),(4,'2023-08-17 06:17:11.899889',NULL,'2023-08-18 00:29:23.304861',NULL,'bsrg101@naver.com','MALE',178,'bsrg101','bsrg101','$2a$10$Vj6gLI9nIyUvcoNVYW04AOXxcdiOwI4xzMNyV3YDUIqBjGm0WLPNy','SUMMER','아무것도.... 하기... 싫다...','2023/8/17/c0d277dd-da73-4552-b7ad-ab43f077d2e6','https://fashionity.s3.ap-northeast-2.amazonaws.com/2023/8/17/c0d277dd-da73-4552-b7ad-ab43f077d2e6',_binary '\0',NULL,78),(5,'2023-08-17 06:17:30.198262',NULL,'2023-08-17 06:17:30.198262',NULL,'bsrg102@naver.com',NULL,NULL,'bsrg102','bsrg102','$2a$10$91/8EO/t6l9cHlw2R/9V.uuc7qnfPVFjqEupgxL0jcghAH24OiZ4.',NULL,NULL,NULL,NULL,_binary '\0',NULL,NULL),(6,'2023-08-17 06:17:48.503669',NULL,'2023-08-17 07:13:28.174023',NULL,'bsrg103@naver.com',NULL,NULL,'bsrg103','bsrg103','$2a$10$QsfcT9PWAut7mtwuxRTz6uIrIXRBQe4q6kimCo2NOONDqCVdYtxa2',NULL,'누가 5야','2023/8/17/c1a863b1-6758-4b4d-9bd4-d065a8edd19e','https://fashionity.s3.ap-northeast-2.amazonaws.com/2023/8/17/c1a863b1-6758-4b4d-9bd4-d065a8edd19e',_binary '\0',NULL,NULL),(7,'2023-08-17 06:18:05.668783',NULL,'2023-08-17 06:18:05.668783',NULL,'bsrg104@naver.com',NULL,NULL,'bsrg104','bsrg104','$2a$10$NS2BstuHyESOnximJMHXdu5kYM/2eKEA8NvUAnVY1pATB7fEfLg9S',NULL,NULL,NULL,NULL,_binary '\0',NULL,NULL),(8,'2023-08-17 06:18:20.817473',NULL,'2023-08-17 07:35:48.690783',NULL,'bsrg105@naver.com',NULL,NULL,'bsrg105','bsrg105','$2a$10$wgoAuFp56Gf0y/IumQBnm.54S/SVup8GgW4feV6r7cQxT4ZDPghTG',NULL,'서울구경 하러 왔다링가링','2023/8/17/4dc07f8e-4145-4677-9458-9e3047f7b73c','https://fashionity.s3.ap-northeast-2.amazonaws.com/2023/8/17/4dc07f8e-4145-4677-9458-9e3047f7b73c',_binary '\0',NULL,NULL),(9,'2023-08-17 06:18:34.552836',NULL,'2023-08-17 06:18:34.552836',NULL,'bsrg106@naver.com',NULL,NULL,'bsrg106','bsrg106','$2a$10$681IIcl8evAHdOlw3LSvRu935cf5z95IgNCrQM9lRAKsdWaUsq1EG',NULL,NULL,NULL,NULL,_binary '\0',NULL,NULL),(10,'2023-08-17 06:18:46.596575',NULL,'2023-08-17 18:11:29.147866',NULL,'bsrg107@naver.com',NULL,NULL,'bsrg107','bsrg107','$2a$10$SBU/VJlDREPlwru.wnHy4O19POnD/yo.FudkeA0/E1jKo5adnYRIi',NULL,'나랑 별보러 갈래?','2023/8/17/b84aeacf-03ff-4c28-9f85-ca9ee6fe7718','https://fashionity.s3.ap-northeast-2.amazonaws.com/2023/8/17/b84aeacf-03ff-4c28-9f85-ca9ee6fe7718',_binary '\0',NULL,NULL),(11,'2023-08-17 06:19:06.513036',NULL,'2023-08-17 18:17:42.275525',NULL,'bsrg108@naver.com',NULL,NULL,'bsrg108','bsrg108','$2a$10$BnwwmB4j4oY6QCStkAGIX.O5Rl.XOaEV7EcxI.BVlUoTCs8wn6Wce',NULL,'사랑해요','2023/8/17/c086ec9a-19f2-4a7f-b4f9-bbf463758dfa','https://fashionity.s3.ap-northeast-2.amazonaws.com/2023/8/17/c086ec9a-19f2-4a7f-b4f9-bbf463758dfa',_binary '\0',NULL,NULL),(12,'2023-08-17 06:19:19.410049',NULL,'2023-08-17 06:19:19.410049',NULL,'bsrg109@naver.com',NULL,NULL,'bsrg109','bsrg109','$2a$10$/CPEfleN/hPKlcWnq7TN3udYxvniXy3uBmDMSDzCZTQANlSbCb8sO',NULL,NULL,NULL,NULL,_binary '\0',NULL,NULL),(13,'2023-08-17 06:37:24.871853',NULL,'2023-08-17 06:37:24.871853',NULL,'ssafy@gmail.com',NULL,NULL,'ssafy123','ssafy','$2a$10$VAfTYU6vl0O7dhqQ8wntrO.hTHNRNPA6Xq9B2qtM2gdydLqYfZcfm',NULL,NULL,NULL,NULL,_binary '\0',NULL,NULL),(14,'2023-08-17 18:08:44.918984',NULL,'2023-08-18 10:37:15.935156',NULL,'bbubbu@bbubbu.com','FEMALE',154,'bbubbu1','bbubbu','$2a$10$CHsL2XpBbOx.nBHvLaSFBudHo1qBC.ABBwziOir9n71ykqyqCbZ7.','SUMMER','','2023/8/17/f9ceb342-033d-40d4-ae69-de9bf1bdee98','https://fashionity.s3.ap-northeast-2.amazonaws.com/2023/8/17/f9ceb342-033d-40d4-ae69-de9bf1bdee98',_binary '\0',NULL,47),(15,'2023-08-17 18:09:25.505227',NULL,'2023-08-17 18:13:51.373596',NULL,'sdjklf@ssafy.com',NULL,NULL,'jiwon12345','sldkjflksadf','$2a$10$7XAovbaITdUn4zgdVzHTH.zI2j7n1rhhlzVaeOFPnqRmiY2LVE/9m',NULL,'null','2023/8/17/a8be1cde-7d23-46c0-8347-aca234dc5412','https://fashionity.s3.ap-northeast-2.amazonaws.com/2023/8/17/a8be1cde-7d23-46c0-8347-aca234dc5412',_binary '\0',NULL,NULL),(16,'2023-08-17 18:11:11.267828',NULL,'2023-08-18 01:31:46.965234',NULL,'3unsol@ssafy.com','FEMALE',168,'3unsol','3unsol','$2a$10$R1zohn5aGKzs1I5d81aTbeZs7EmBzrhgO2ohzgbsv.dZCYLLrPuNm','SUMMER','절 구제해주세요','2023/8/18/2d64e80e-f2fc-42c7-8fa2-e0639e6fae9b','https://fashionity.s3.ap-northeast-2.amazonaws.com/2023/8/18/2d64e80e-f2fc-42c7-8fa2-e0639e6fae9b',_binary '\0',NULL,56),(17,'2023-08-17 19:58:04.605229',NULL,'2023-08-17 23:31:28.377719',NULL,'tansan@ssafy.com',NULL,NULL,'tansan923','tansan','$2a$10$OLw/QmAPWzIk6Jg2mp2S9.PuOnx29YYtsrtgPHeaPsh0hQXAuUxbO',NULL,'?✨9월 컨설팅 예약 열렸습니다?✨','2023/8/17/b1640890-662e-4dab-874f-cfb3bfb929f6','https://fashionity.s3.ap-northeast-2.amazonaws.com/2023/8/17/b1640890-662e-4dab-874f-cfb3bfb929f6',_binary '\0',NULL,NULL),(18,'2023-08-17 20:15:06.880838',NULL,'2023-08-17 20:23:43.286203',NULL,'coca@cola.com',NULL,NULL,'coca123','coca','$2a$10$Fv1ZqpO3xhh9Cd6oa3j18.oJYF5xl5Y1GN1AqygCJe/.YXPrmhu/q',NULL,'일상 공유!','2023/8/17/c5cdee51-012b-4538-bf7d-415de65d7f55','https://fashionity.s3.ap-northeast-2.amazonaws.com/2023/8/17/c5cdee51-012b-4538-bf7d-415de65d7f55',_binary '\0',NULL,NULL),(19,'2023-08-17 20:18:55.031446',NULL,'2023-08-17 20:19:41.622910',NULL,'bumkey1@ssafy.com',NULL,NULL,'bumkey1','bumkeyk','$2a$10$kmBL4ylBE/bmCdZbGqzGnelFxv4F1zeg4chmy.f7Qc6rY8AZMs4g2',NULL,'범범키키','2023/8/17/0298d17c-52ef-458e-838d-2343f73d016b','https://fashionity.s3.ap-northeast-2.amazonaws.com/2023/8/17/0298d17c-52ef-458e-838d-2343f73d016b',_binary '\0',NULL,NULL),(20,'2023-08-17 20:22:31.775241',NULL,'2023-08-18 00:50:41.760924',NULL,'woojae999@ssafy.com',NULL,NULL,'woojae999','woojae999','$2a$10$JsQPR2M68ylsqy3YgVZpbumwPmy.ptdIpjCSJNEm0FP/IwAuKBqIS',NULL,'ISTP답게 칼같이 상담해드림','2023/8/17/909542ab-db36-4c64-ae92-c1c75dd64cb1','https://fashionity.s3.ap-northeast-2.amazonaws.com/2023/8/17/909542ab-db36-4c64-ae92-c1c75dd64cb1',_binary '\0',NULL,NULL),(21,'2023-08-17 20:27:52.917132',NULL,'2023-08-17 20:30:57.738424',NULL,'twg@tea.com',NULL,NULL,'twgtea1','twgtea','$2a$10$Lwui7vjLWhNBBcVhBRqvl.8qP9hLGgRX/OzE8OqsX8HTIwLsPF5zG',NULL,'I love tea','2023/8/17/f66a5db9-a8d0-4f0f-b0bc-41fbb4d9dd70','https://fashionity.s3.ap-northeast-2.amazonaws.com/2023/8/17/f66a5db9-a8d0-4f0f-b0bc-41fbb4d9dd70',_binary '\0',NULL,NULL),(22,'2023-08-17 20:36:13.124936',NULL,'2023-08-17 20:44:59.984652',NULL,'eclipse@eclipse.com',NULL,NULL,'eclipse1','eclipse','$2a$10$uGL66VVsvMCR/3dE/2dCw.GZdUdAWV/XcPWAfu7SW4jdT6zIWZ12W',NULL,'eclipse','2023/8/17/7e81b956-5ac5-46e8-8316-f3d5949aa9d5','https://fashionity.s3.ap-northeast-2.amazonaws.com/2023/8/17/7e81b956-5ac5-46e8-8316-f3d5949aa9d5',_binary '\0',NULL,NULL),(23,'2023-08-17 20:49:45.633482',NULL,'2023-08-18 01:33:44.373579',NULL,'two@some.com','FEMALE',167,'twosome1','twosome','$2a$10$Rcuu3j8EjYufz9LC8n3nvO5UGFPa4hbyXFgQsc6fsFnJGi5ASJHka','FALL','군침이싹','2023/8/17/65081ebb-d3fe-400d-b94c-f298cd6b9485','https://fashionity.s3.ap-northeast-2.amazonaws.com/2023/8/17/65081ebb-d3fe-400d-b94c-f298cd6b9485',_binary '\0',NULL,56),(24,'2023-08-17 20:50:48.392454',NULL,'2023-08-17 20:51:19.952053',NULL,'pyopyo12@ssafy.com',NULL,NULL,'pyopyo12','pyopyo12','$2a$10$rKumf/njzYvdIFAajDCq1e.od0pQxRA9jaIGAkM4S4pMHtqIKMjqi',NULL,'표지후니','2023/8/17/f17d00ab-62ab-46a6-ae1c-4fad84b92cd0','https://fashionity.s3.ap-northeast-2.amazonaws.com/2023/8/17/f17d00ab-62ab-46a6-ae1c-4fad84b92cd0',_binary '\0',NULL,NULL),(25,'2023-08-17 21:00:37.584805',NULL,'2023-08-17 21:00:37.584805',NULL,'bingsu@bingsu.com',NULL,NULL,'bingsu1','bingsu','$2a$10$VPXSakXxciZsxvc.A1JNa.y9C6q8AfDJA0xfOkFa7xVmI62j9KzoK',NULL,NULL,NULL,NULL,_binary '\0',NULL,NULL),(26,'2023-08-17 21:00:43.063843',NULL,'2023-08-17 21:02:06.307521',NULL,'woosigi12@ssafy.com',NULL,NULL,'woosigi12','woosigi12','$2a$10$/WItl.wdadfL6IRqlKZcn.IzZb.avvs/VSreZqz46Ujvkfzx8nkUi',NULL,'안녕하세요. 최우식입니다람쥐','2023/8/17/307f66d6-2765-40e1-9cc8-b48a611174b9','https://fashionity.s3.ap-northeast-2.amazonaws.com/2023/8/17/307f66d6-2765-40e1-9cc8-b48a611174b9',_binary '\0',NULL,NULL),(27,'2023-08-17 21:01:39.856117',NULL,'2023-08-17 21:04:05.914782',NULL,'bingsu2@bingsu.com',NULL,NULL,'bingsu2','bingsoo','$2a$10$DdIQsY/XRSuccxg30Q7nduIvc/tcRbKgyV53nOJH0bb467risrsgy',NULL,'빙수를 사랑하는 사람','2023/8/17/b207a69b-57de-4ed1-92aa-23f5037cf8e8','https://fashionity.s3.ap-northeast-2.amazonaws.com/2023/8/17/b207a69b-57de-4ed1-92aa-23f5037cf8e8',_binary '\0',NULL,NULL),(28,'2023-08-17 21:15:19.213243',NULL,'2023-08-18 01:32:30.660015',NULL,'gram@gram.com','FEMALE',154,'gram123','gram','$2a$10$OqRmwZrBcRzTJWhTmR5UPOOoXdfMKpVVzpFuaOOyPQ0oehcUEp2Rm','UNKNOWN','직장인 일상 기록','2023/8/17/0bdc75c4-92cf-4690-abf5-548c6c899208','https://fashionity.s3.ap-northeast-2.amazonaws.com/2023/8/17/0bdc75c4-92cf-4690-abf5-548c6c899208',_binary '\0',NULL,54),(29,'2023-08-17 21:27:46.159776',NULL,'2023-08-17 21:28:40.344783',NULL,'trust@lee.com',NULL,NULL,'trustlee94','trustlee','$2a$10$XZwBPyGk8c31JY3eUYZa.uAeT09Qk25BL3I5bVIf7.cXQRsFGqY1a',NULL,'컨설팅 경력 5년차입니다 ^^','2023/8/17/5ecd8783-04ef-4ab3-9a06-10f458701223','https://fashionity.s3.ap-northeast-2.amazonaws.com/2023/8/17/5ecd8783-04ef-4ab3-9a06-10f458701223',_binary '\0',NULL,NULL),(30,'2023-08-17 21:49:18.786615',NULL,'2023-08-17 21:54:38.976115',NULL,'h@sw.com',NULL,NULL,'hsw225','hsw225','$2a$10$rEp2Fyc2KwRxYcuFy757KObA1QzJE37T4UX1EcCO1jPeXp7wGl2Ei',NULL,'남성 컨설팅 전문 컨설턴트 한상우입니다.','2023/8/17/44f28596-656b-44be-9426-774e7350321b','https://fashionity.s3.ap-northeast-2.amazonaws.com/2023/8/17/44f28596-656b-44be-9426-774e7350321b',_binary '\0',NULL,NULL),(31,'2023-08-17 23:52:54.226632',NULL,'2023-08-17 23:52:54.226632',NULL,'gusnrl@98.com',NULL,NULL,'gusdnrl98','gusnrl','$2a$10$Whh.yhauFEVzfkTCcEgcueDJ/VP/Idsouinxbytrru1D0XRRuT5fG',NULL,NULL,NULL,NULL,_binary '\0',NULL,NULL),(32,'2023-08-17 23:54:47.764825',NULL,'2023-08-17 23:56:48.355316',NULL,'gusdnr@98.com',NULL,NULL,'gusdnr98','gusdnr','$2a$10$Ye2sQ6t/unNpVOWF7Q2rDuXWKIl753wBUbvMTlShsXYQ917P.iQYi',NULL,'컨설턴트 김현욱','2023/8/17/5c91d21f-8315-4a78-ac00-32664499f532','https://fashionity.s3.ap-northeast-2.amazonaws.com/2023/8/17/5c91d21f-8315-4a78-ac00-32664499f532',_binary '\0',NULL,NULL),(33,'2023-08-17 23:57:44.838921',NULL,'2023-08-17 23:59:02.306423',NULL,'dubidu@bidu.com',NULL,NULL,'dubidu1','dubidu','$2a$10$wc/6CZNHT2RCSevy1c/fau7kCTxiM5BvXqX2HPomaTOkcIGl9stua',NULL,'컨설턴트 두비두입니다','2023/8/17/fa550bce-ebde-4ff4-9d95-e612da12ddc3','https://fashionity.s3.ap-northeast-2.amazonaws.com/2023/8/17/fa550bce-ebde-4ff4-9d95-e612da12ddc3',_binary '\0',NULL,NULL),(34,'2023-08-17 23:59:27.721935',NULL,'2023-08-18 00:00:17.235733',NULL,'open@dubidu.com',NULL,NULL,'opendubidu1','opendubidu','$2a$10$77ZtqWAuzg.prrYkvAYV6.MB0OSP27wjZ4Imh03gLD2ex0kduClQ.',NULL,'컨설턴트 오픈두비두입니다','2023/8/18/8c0cdaa9-3266-4ba5-a483-e630d1367d11','https://fashionity.s3.ap-northeast-2.amazonaws.com/2023/8/18/8c0cdaa9-3266-4ba5-a483-e630d1367d11',_binary '\0',NULL,NULL),(35,'2023-08-18 00:01:00.849259',NULL,'2023-08-18 00:01:50.193925',NULL,'alco@hol.com',NULL,NULL,'alcohol1','alcohol','$2a$10$A2hgdT.jKFq23tEaqiJjYOuPLskqgKDIvcOa5BgT3jg1WJpxy8.B6',NULL,'컨설턴트 알코올입니다','2023/8/18/299d1af9-dc95-47e5-af95-6e293a1986ab','https://fashionity.s3.ap-northeast-2.amazonaws.com/2023/8/18/299d1af9-dc95-47e5-af95-6e293a1986ab',_binary '\0',NULL,NULL),(36,'2023-08-18 00:02:34.558234',NULL,'2023-08-18 00:06:00.539245',NULL,'jiwonee2@ssafy.com',NULL,NULL,'jiwonee2','jiwonee','$2a$10$cR2p54Dc.Y84e/jwZKt4dur9ewrQyIMFkPPFzmkhIYHD.2dc9Ma/C',NULL,'이래뵈도 전문가입니다.','2023/8/18/1a33aa36-1548-4aa4-80f5-6bfa8af60dec','https://fashionity.s3.ap-northeast-2.amazonaws.com/2023/8/18/1a33aa36-1548-4aa4-80f5-6bfa8af60dec',_binary '\0',NULL,NULL),(37,'2023-08-18 00:12:05.243547',NULL,'2023-08-18 10:44:48.106201',NULL,'xogus@naver.com',NULL,NULL,'cont1234','consulconsul','$2a$10$vmjQDC3qc40TyUhjM9Kyku0j3py8IDXyuQbEbrqnrNLy.yAufYFs6',NULL,'패션은 저한테!!!! 많은 이용 부탁드립니다~~~!!!','2023/8/18/ec276be9-e5e8-49ec-8ca7-c08a8604fff4','https://fashionity.s3.ap-northeast-2.amazonaws.com/2023/8/18/ec276be9-e5e8-49ec-8ca7-c08a8604fff4',_binary '\0',NULL,NULL),(38,'2023-08-18 00:15:08.246271',NULL,'2023-08-18 00:16:44.535482',NULL,'hyeonS2woo@ssafy.com',NULL,NULL,'hyeonS2woo','hyeonS2woo','$2a$10$fneyDEz027IT.CTq.fr4n.IBnRYKN3zlvOfh30cI03VWetqJCR8qu',NULL,'Taehyeon ? Sangwoo','2023/8/18/213431a2-85d3-47e0-b98b-86601cb6c321','https://fashionity.s3.ap-northeast-2.amazonaws.com/2023/8/18/213431a2-85d3-47e0-b98b-86601cb6c321',_binary '\0',NULL,NULL);
/*!40000 ALTER TABLE `members` ENABLE KEYS */;
UNLOCK TABLES;

--
-- Table structure for table `post_hashtags`
--

DROP TABLE IF EXISTS `post_hashtags`;
/*!40101 SET @saved_cs_client     = @@character_set_client */;
/*!50503 SET character_set_client = utf8mb4 */;
CREATE TABLE `post_hashtags` (
  `seq` bigint NOT NULL AUTO_INCREMENT,
  `created_at` datetime(6) DEFAULT NULL,
  `hashtag_seq` bigint NOT NULL,
  `post_seq` bigint NOT NULL,
  PRIMARY KEY (`seq`),
  KEY `FKill69palyw0tovxkubi857sgq` (`hashtag_seq`),
  KEY `FKg3g8jmis4lhp3yra7xuce1ypv` (`post_seq`),
  CONSTRAINT `FKg3g8jmis4lhp3yra7xuce1ypv` FOREIGN KEY (`post_seq`) REFERENCES `posts` (`post_seq`),
  CONSTRAINT `FKill69palyw0tovxkubi857sgq` FOREIGN KEY (`hashtag_seq`) REFERENCES `hashtags` (`seq`)
) ENGINE=InnoDB AUTO_INCREMENT=370 DEFAULT CHARSET=utf8mb4 COLLATE=utf8mb4_0900_ai_ci;
/*!40101 SET character_set_client = @saved_cs_client */;

--
-- Dumping data for table `post_hashtags`
--

LOCK TABLES `post_hashtags` WRITE;
/*!40000 ALTER TABLE `post_hashtags` DISABLE KEYS */;
INSERT INTO `post_hashtags` VALUES (11,'2023-08-17 06:31:47.675671',11,6),(12,'2023-08-17 06:35:37.817987',12,7),(13,'2023-08-17 06:35:37.819860',13,7),(14,'2023-08-17 06:37:51.029523',14,8),(15,'2023-08-17 06:37:51.031279',15,8),(16,'2023-08-17 06:39:38.273507',16,9),(17,'2023-08-17 06:41:14.907000',17,10),(18,'2023-08-17 06:43:24.564343',18,11),(19,'2023-08-17 06:46:05.272599',19,12),(20,'2023-08-17 06:50:24.764032',20,13),(21,'2023-08-17 06:52:36.290726',21,15),(22,'2023-08-17 06:53:45.298990',22,16),(23,'2023-08-17 06:55:17.327789',23,17),(24,'2023-08-17 07:06:58.509750',24,19),(25,'2023-08-17 07:07:32.106262',25,20),(26,'2023-08-17 07:07:50.464012',26,21),(27,'2023-08-17 07:08:20.588800',27,22),(28,'2023-08-17 07:08:20.590820',28,22),(29,'2023-08-17 07:09:12.496750',28,23),(30,'2023-08-17 07:14:10.760665',29,24),(31,'2023-08-17 07:14:47.393174',30,25),(32,'2023-08-17 07:20:10.944159',31,27),(33,'2023-08-17 07:20:30.765619',31,28),(34,'2023-08-17 07:21:17.172213',31,29),(35,'2023-08-17 07:21:49.039711',31,30),(36,'2023-08-17 07:25:37.879807',32,32),(37,'2023-08-17 07:26:10.777048',32,33),(38,'2023-08-17 07:38:38.019579',9,39),(39,'2023-08-17 07:38:38.020940',33,39),(40,'2023-08-17 18:11:16.173719',34,41),(41,'2023-08-17 18:11:21.560958',35,42),(42,'2023-08-17 18:11:21.562608',36,42),(43,'2023-08-17 18:11:21.564207',12,42),(44,'2023-08-17 18:11:48.704660',37,43),(45,'2023-08-17 18:16:27.012283',38,44),(46,'2023-08-17 18:16:27.014382',39,44),(47,'2023-08-17 18:16:50.907248',40,45),(48,'2023-08-17 18:16:50.908857',41,45),(51,'2023-08-17 18:18:52.134635',43,47),(52,'2023-08-17 18:18:52.136044',44,47),(53,'2023-08-17 18:18:52.137583',45,47),(54,'2023-08-17 18:18:52.139508',46,47),(55,'2023-08-17 18:19:40.186151',47,48),(56,'2023-08-17 18:19:40.187845',48,48),(57,'2023-08-17 18:19:40.189281',49,48),(58,'2023-08-17 18:19:40.191025',18,48),(59,'2023-08-17 18:21:06.433446',50,49),(61,'2023-08-17 18:23:58.379645',52,53),(62,'2023-08-17 18:23:58.381574',53,53),(63,'2023-08-17 18:25:19.492646',54,55),(64,'2023-08-17 18:25:19.494631',55,55),(65,'2023-08-17 18:25:19.496264',56,55),(66,'2023-08-17 18:25:56.969076',57,56),(67,'2023-08-17 18:26:08.052565',58,57),(68,'2023-08-17 18:26:08.054388',59,57),(69,'2023-08-17 18:26:08.055980',60,57),(70,'2023-08-17 18:31:34.634725',28,58),(71,'2023-08-17 18:43:33.216871',61,59),(72,'2023-08-17 18:43:33.218724',62,59),(73,'2023-08-17 20:03:20.343634',63,60),(74,'2023-08-17 20:03:20.345505',64,60),(75,'2023-08-17 20:03:20.347647',18,60),(76,'2023-08-17 20:03:20.348643',65,60),(77,'2023-08-17 20:03:20.350579',49,60),(78,'2023-08-17 20:04:37.735329',63,61),(79,'2023-08-17 20:04:37.736405',64,61),(80,'2023-08-17 20:04:37.737233',66,61),(81,'2023-08-17 20:04:37.739045',67,61),(82,'2023-08-17 20:06:42.516520',68,62),(83,'2023-08-17 20:06:42.518208',69,62),(84,'2023-08-17 20:06:42.519766',70,62),(89,'2023-08-17 20:08:53.839254',65,65),(90,'2023-08-17 20:08:53.840259',74,65),(91,'2023-08-17 20:08:53.841739',75,65),(92,'2023-08-17 20:09:38.171017',76,66),(93,'2023-08-17 20:09:38.172511',77,66),(94,'2023-08-17 20:15:54.801827',78,67),(95,'2023-08-17 20:15:54.803307',43,67),(96,'2023-08-17 20:16:41.202147',79,68),(97,'2023-08-17 20:16:41.203479',80,68),(98,'2023-08-17 20:16:41.204909',18,68),(99,'2023-08-17 20:16:41.205589',65,68),(100,'2023-08-17 20:16:41.206382',49,68),(101,'2023-08-17 20:17:36.378838',81,69),(102,'2023-08-17 20:17:36.380286',82,69),(103,'2023-08-17 20:17:36.381694',65,69),(104,'2023-08-17 20:17:36.382558',49,69),(105,'2023-08-17 20:17:36.383243',18,69),(106,'2023-08-17 20:18:35.960994',60,70),(107,'2023-08-17 20:18:35.961822',83,70),(108,'2023-08-17 20:18:35.963291',84,70),(109,'2023-08-17 20:19:54.263604',85,71),(110,'2023-08-17 20:19:54.265132',24,71),(111,'2023-08-17 20:19:54.265925',84,71),(112,'2023-08-17 20:20:07.018121',86,72),(113,'2023-08-17 20:20:46.688324',87,73),(114,'2023-08-17 20:21:37.030357',88,74),(115,'2023-08-17 20:21:37.031655',60,74),(116,'2023-08-17 20:24:59.911314',18,75),(117,'2023-08-17 20:24:59.912085',89,75),(118,'2023-08-17 20:25:20.847049',90,76),(119,'2023-08-17 20:25:20.848720',68,76),(120,'2023-08-17 20:25:20.849409',91,76),(121,'2023-08-17 20:25:20.850753',92,76),(122,'2023-08-17 20:25:20.852167',93,76),(123,'2023-08-17 20:25:20.853602',36,76),(124,'2023-08-17 20:25:49.289970',89,77),(125,'2023-08-17 20:25:49.290914',94,77),(126,'2023-08-17 20:26:23.376372',94,78),(127,'2023-08-17 20:26:23.377106',95,78),(128,'2023-08-17 20:29:57.956281',96,79),(129,'2023-08-17 20:29:57.957496',97,79),(130,'2023-08-17 20:29:57.958624',98,79),(131,'2023-08-17 20:29:57.959782',84,79),(132,'2023-08-17 20:29:57.960374',12,79),(133,'2023-08-17 20:31:47.059860',44,80),(134,'2023-08-17 20:31:47.060802',99,80),(135,'2023-08-17 20:31:47.062119',36,80),(136,'2023-08-17 20:31:47.062756',100,80),(137,'2023-08-17 20:34:19.823765',101,81),(138,'2023-08-17 20:34:19.824937',102,81),(139,'2023-08-17 20:34:19.825938',103,81),(140,'2023-08-17 20:34:19.826944',104,81),(143,'2023-08-17 20:35:04.517308',44,82),(144,'2023-08-17 20:35:04.518087',106,82),(145,'2023-08-17 20:35:04.519116',107,82),(146,'2023-08-17 20:37:41.171338',108,83),(147,'2023-08-17 20:37:41.172581',84,83),(148,'2023-08-17 20:37:41.173183',109,83),(149,'2023-08-17 20:37:41.174307',110,83),(150,'2023-08-17 20:37:41.175441',111,83),(151,'2023-08-17 20:41:01.989422',112,84),(152,'2023-08-17 20:41:01.991078',89,84),(153,'2023-08-17 20:41:30.956402',113,85),(154,'2023-08-17 20:42:05.778440',114,86),(155,'2023-08-17 20:42:59.194784',18,87),(156,'2023-08-17 20:42:59.195365',115,87),(157,'2023-08-17 20:42:59.196283',116,87),(158,'2023-08-17 20:43:14.377893',117,88),(159,'2023-08-17 20:43:14.379012',43,88),(160,'2023-08-17 20:43:14.379488',12,88),(161,'2023-08-17 20:43:14.380006',118,88),(162,'2023-08-17 20:43:19.846425',18,89),(163,'2023-08-17 20:43:19.846980',115,89),(164,'2023-08-17 20:43:52.744782',119,90),(165,'2023-08-17 20:43:52.745799',120,90),(166,'2023-08-17 20:43:52.746810',121,90),(167,'2023-08-17 20:43:52.747771',122,90),(168,'2023-08-17 20:44:43.102768',123,91),(169,'2023-08-17 20:44:43.103754',124,91),(170,'2023-08-17 20:44:43.104719',125,91),(171,'2023-08-17 20:44:43.105606',122,91),(172,'2023-08-17 20:46:24.569236',126,92),(173,'2023-08-17 20:46:24.570375',127,92),(174,'2023-08-17 20:46:24.571338',128,92),(175,'2023-08-17 20:46:24.572265',129,92),(176,'2023-08-17 20:46:24.573305',130,92),(177,'2023-08-17 20:50:40.847399',103,93),(178,'2023-08-17 20:50:40.848218',131,93),(179,'2023-08-17 20:50:40.849196',132,93),(180,'2023-08-17 20:51:41.120616',133,94),(181,'2023-08-17 20:51:43.848440',134,95),(182,'2023-08-17 20:51:43.849725',135,95),(183,'2023-08-17 20:51:43.850940',136,95),(184,'2023-08-17 20:51:43.852050',137,95),(185,'2023-08-17 20:51:43.853083',138,95),(186,'2023-08-17 20:51:43.854189',139,95),(187,'2023-08-17 20:52:02.742339',133,96),(188,'2023-08-17 20:52:27.317041',140,97),(189,'2023-08-17 20:52:27.318072',141,97),(190,'2023-08-17 20:54:31.242527',133,98),(191,'2023-08-17 20:55:00.273256',142,99),(192,'2023-08-17 20:55:00.274345',143,99),(193,'2023-08-17 20:55:00.275572',144,99),(194,'2023-08-17 20:55:00.276630',122,99),(195,'2023-08-17 20:56:17.660677',145,100),(196,'2023-08-17 20:56:17.661654',146,100),(197,'2023-08-17 20:56:17.662500',147,100),(198,'2023-08-17 20:59:33.043742',148,101),(199,'2023-08-17 20:59:33.044866',149,101),(200,'2023-08-17 20:59:33.045777',150,101),(201,'2023-08-17 21:02:06.283472',45,102),(202,'2023-08-17 21:02:06.284124',86,102),(203,'2023-08-17 21:02:34.248406',95,103),(204,'2023-08-17 21:02:34.248943',151,103),(205,'2023-08-17 21:02:34.249785',86,103),(206,'2023-08-17 21:03:42.952321',152,104),(207,'2023-08-17 21:03:42.953287',94,104),(208,'2023-08-17 21:04:21.128705',153,105),(209,'2023-08-17 21:04:21.129686',154,105),(210,'2023-08-17 21:04:21.130718',155,105),(211,'2023-08-17 21:05:01.148485',156,106),(212,'2023-08-17 21:05:02.722438',48,107),(213,'2023-08-17 21:05:02.722964',157,107),(214,'2023-08-17 21:05:02.723958',158,107),(215,'2023-08-17 21:05:02.724820',151,107),(216,'2023-08-17 21:05:02.725447',99,107),(217,'2023-08-17 21:07:30.554787',159,108),(218,'2023-08-17 21:07:30.555767',160,108),(219,'2023-08-17 21:07:30.556884',161,108),(220,'2023-08-17 21:07:30.557947',162,108),(221,'2023-08-17 21:14:32.338726',163,109),(222,'2023-08-17 21:14:32.339887',164,109),(223,'2023-08-17 21:14:32.340977',165,109),(224,'2023-08-17 21:16:12.227623',166,110),(225,'2023-08-17 21:16:12.228539',167,110),(226,'2023-08-17 21:16:12.229365',110,110),(227,'2023-08-17 21:17:07.877502',168,111),(228,'2023-08-17 21:17:07.878451',169,111),(229,'2023-08-17 21:17:07.879244',170,111),(230,'2023-08-17 21:17:55.720562',171,112),(231,'2023-08-17 21:17:55.721602',172,112),(232,'2023-08-17 21:17:55.722559',173,112),(233,'2023-08-17 21:17:55.723311',174,112),(234,'2023-08-17 21:17:55.724144',175,112),(235,'2023-08-17 21:18:32.490856',176,113),(236,'2023-08-17 21:18:32.491790',107,113),(237,'2023-08-17 21:31:04.690006',177,114),(238,'2023-08-17 21:31:04.691448',12,114),(239,'2023-08-17 21:31:04.691898',178,114),(240,'2023-08-17 21:31:04.692725',179,114),(241,'2023-08-17 21:31:04.693456',180,114),(242,'2023-08-17 21:31:12.239639',181,115),(243,'2023-08-17 21:31:12.240596',12,115),(244,'2023-08-17 21:31:36.906910',182,116),(245,'2023-08-17 21:31:36.907877',183,116),(246,'2023-08-17 21:31:36.908890',184,116),(247,'2023-08-17 21:31:59.655956',185,117),(248,'2023-08-17 21:32:29.360818',186,118),(249,'2023-08-17 21:32:29.361901',187,118),(250,'2023-08-17 21:32:30.405551',188,119),(251,'2023-08-17 21:32:30.406582',189,119),(252,'2023-08-17 21:32:30.407547',13,119),(253,'2023-08-17 21:32:30.408004',190,119),(254,'2023-08-17 21:33:16.813743',191,120),(255,'2023-08-17 21:33:16.814579',192,120),(256,'2023-08-17 21:33:16.815298',193,120),(257,'2023-08-17 21:33:52.774516',194,121),(258,'2023-08-17 21:33:52.775430',195,121),(259,'2023-08-17 21:34:57.570047',194,122),(260,'2023-08-17 21:34:57.570557',195,122),(261,'2023-08-17 21:35:30.505418',196,123),(262,'2023-08-17 21:35:30.506575',197,123),(263,'2023-08-17 21:35:30.507553',177,123),(264,'2023-08-17 21:35:30.508112',198,123),(265,'2023-08-17 21:35:30.509102',199,123),(266,'2023-08-17 21:35:30.510085',200,123),(267,'2023-08-17 21:35:39.466493',89,124),(268,'2023-08-17 21:35:39.467199',194,124),(269,'2023-08-17 21:35:39.467725',195,124),(270,'2023-08-17 21:37:18.732438',59,125),(271,'2023-08-17 21:37:18.733027',25,125),(272,'2023-08-17 21:37:18.733442',196,125),(273,'2023-08-17 21:37:18.733836',13,125),(274,'2023-08-17 21:37:18.734374',189,125),(275,'2023-08-17 21:38:15.363412',194,126),(276,'2023-08-17 21:38:15.364104',195,126),(277,'2023-08-17 21:38:31.397852',196,127),(278,'2023-08-17 21:38:31.398437',201,127),(279,'2023-08-17 21:38:31.399456',177,127),(280,'2023-08-17 21:38:31.399933',150,127),(281,'2023-08-17 21:38:31.400359',202,127),(282,'2023-08-17 21:39:20.982725',194,128),(283,'2023-08-17 21:39:20.983298',195,128),(284,'2023-08-17 21:41:46.722655',203,129),(285,'2023-08-17 21:41:46.723501',194,129),(286,'2023-08-17 21:41:46.723996',195,129),(287,'2023-08-17 21:42:36.026615',204,130),(288,'2023-08-17 21:42:36.027492',32,130),(289,'2023-08-17 21:42:36.027932',194,130),(290,'2023-08-17 21:43:56.389798',189,132),(291,'2023-08-17 21:43:56.390333',177,132),(292,'2023-08-17 21:43:56.390735',196,132),(293,'2023-08-17 21:44:18.023235',194,133),(294,'2023-08-17 21:44:18.023851',195,133),(295,'2023-08-17 21:45:41.631098',194,134),(296,'2023-08-17 21:45:41.631759',195,134),(297,'2023-08-17 21:46:58.701497',205,135),(298,'2023-08-17 21:46:58.702463',206,135),(299,'2023-08-17 21:46:58.703263',207,135),(300,'2023-08-17 21:46:58.703977',208,135),(301,'2023-08-17 21:48:15.746121',197,136),(302,'2023-08-17 21:48:15.746824',209,136),(303,'2023-08-17 21:48:15.747666',210,136),(304,'2023-08-17 23:29:02.990898',211,137),(305,'2023-08-17 23:29:02.992001',212,137),(306,'2023-08-17 23:29:02.992778',213,137),(307,'2023-08-17 23:29:02.993531',214,137),(308,'2023-08-17 23:29:02.994217',215,137),(309,'2023-08-17 23:29:02.994869',216,137),(310,'2023-08-17 23:29:02.998577',217,137),(311,'2023-08-17 23:32:33.729323',216,138),(312,'2023-08-17 23:32:33.729849',218,138),(313,'2023-08-17 23:32:33.730899',219,138),(314,'2023-08-17 23:32:33.731956',212,138),(315,'2023-08-17 23:32:33.732487',220,138),(316,'2023-08-17 23:34:04.375269',221,139),(317,'2023-08-17 23:34:04.376234',222,139),(318,'2023-08-17 23:34:04.377190',223,139),(319,'2023-08-17 23:38:33.357467',224,140),(320,'2023-08-17 23:38:33.358417',225,140),(321,'2023-08-17 23:38:33.359165',226,140),(322,'2023-08-17 23:38:33.360011',227,140),(323,'2023-08-17 23:39:30.485325',224,141),(324,'2023-08-17 23:39:30.485922',225,141),(325,'2023-08-17 23:39:30.486436',226,141),(326,'2023-08-17 23:39:30.486852',216,141),(327,'2023-08-17 23:39:30.487291',228,141),(328,'2023-08-17 23:39:30.488042',229,141),(329,'2023-08-17 23:40:16.898865',230,142),(330,'2023-08-17 23:40:16.899852',231,142),(331,'2023-08-17 23:40:16.900724',224,142),(332,'2023-08-17 23:40:16.901221',225,142),(333,'2023-08-17 23:40:16.901766',226,142),(334,'2023-08-17 23:40:16.902231',232,142),(335,'2023-08-17 23:41:29.139685',233,143),(336,'2023-08-17 23:41:29.140534',227,143),(337,'2023-08-17 23:42:40.625792',225,144),(338,'2023-08-17 23:42:40.626509',231,144),(339,'2023-08-17 23:42:40.626983',224,144),(340,'2023-08-17 23:42:40.627503',212,144),(341,'2023-08-17 23:42:40.628064',234,144),(342,'2023-08-17 23:43:31.621806',221,145),(343,'2023-08-17 23:43:31.622407',226,145),(344,'2023-08-17 23:43:31.622893',224,145),(345,'2023-08-17 23:43:31.623508',225,145),(346,'2023-08-17 23:43:31.623993',235,145),(347,'2023-08-17 23:44:43.100412',224,146),(348,'2023-08-17 23:44:43.101044',225,146),(349,'2023-08-17 23:44:43.101536',226,146),(350,'2023-08-17 23:44:43.102036',231,146),(351,'2023-08-17 23:44:43.102469',217,146),(352,'2023-08-17 23:46:23.383653',225,147),(353,'2023-08-17 23:46:23.384164',226,147),(354,'2023-08-17 23:46:23.384593',224,147),(355,'2023-08-17 23:46:23.384995',236,147),(356,'2023-08-17 23:46:23.385767',227,147),(357,'2023-08-17 23:46:23.386224',237,147),(358,'2023-08-17 23:46:23.387054',238,147),(359,'2023-08-17 23:47:51.930914',225,148),(360,'2023-08-17 23:47:51.931446',239,148),(361,'2023-08-17 23:47:51.932158',227,148),(362,'2023-08-17 23:47:51.932528',240,148),(363,'2023-08-17 23:47:51.933266',235,148),(364,'2023-08-17 23:47:51.933749',213,148),(369,'2023-08-18 00:50:06.608284',140,152);
/*!40000 ALTER TABLE `post_hashtags` ENABLE KEYS */;
UNLOCK TABLES;

--
-- Table structure for table `post_likes`
--

DROP TABLE IF EXISTS `post_likes`;
/*!40101 SET @saved_cs_client     = @@character_set_client */;
/*!50503 SET character_set_client = utf8mb4 */;
CREATE TABLE `post_likes` (
  `member_seq` bigint NOT NULL,
  `post_seq` bigint NOT NULL,
  `created_at` datetime(6) DEFAULT NULL,
  PRIMARY KEY (`member_seq`,`post_seq`),
  KEY `FKbo4djbmw1dmwi45375dwjykyh` (`post_seq`),
  CONSTRAINT `FKbo4djbmw1dmwi45375dwjykyh` FOREIGN KEY (`post_seq`) REFERENCES `posts` (`post_seq`),
  CONSTRAINT `FKc7s0f2sqch5dfim9vr8hemk3h` FOREIGN KEY (`member_seq`) REFERENCES `members` (`member_seq`)
) ENGINE=InnoDB DEFAULT CHARSET=utf8mb4 COLLATE=utf8mb4_0900_ai_ci;
/*!40101 SET character_set_client = @saved_cs_client */;

--
-- Dumping data for table `post_likes`
--

LOCK TABLES `post_likes` WRITE;
/*!40000 ALTER TABLE `post_likes` DISABLE KEYS */;
INSERT INTO `post_likes` VALUES (1,4,'2023-08-17 05:31:33.059117'),(1,5,'2023-08-17 05:42:04.323411'),(1,9,'2023-08-17 18:26:12.708131'),(1,22,'2023-08-17 18:04:58.948421'),(1,25,'2023-08-17 18:04:57.617451'),(1,27,'2023-08-17 18:04:56.490259'),(1,34,'2023-08-17 18:04:55.117064'),(1,39,'2023-08-17 18:04:28.296442'),(1,44,'2023-08-17 18:26:18.040864'),(1,52,'2023-08-17 18:24:16.001233'),(1,55,'2023-08-17 18:26:05.110189'),(2,1,'2023-08-17 05:29:36.398002'),(2,3,'2023-08-17 05:31:16.429982'),(2,39,'2023-08-17 07:38:40.286980'),(2,59,'2023-08-18 02:50:18.182755'),(4,59,'2023-08-18 02:54:34.952454'),(8,59,'2023-08-18 00:14:47.051000'),(10,42,'2023-08-17 18:11:39.834996'),(11,5,'2023-08-17 18:13:58.180161'),(11,8,'2023-08-17 18:16:11.963853'),(11,9,'2023-08-17 18:16:01.900781'),(11,13,'2023-08-17 18:16:07.123989'),(11,15,'2023-08-17 18:16:24.336938'),(11,17,'2023-08-17 18:15:46.963901'),(11,18,'2023-08-17 18:15:25.680886'),(11,19,'2023-08-17 18:16:30.699770'),(11,20,'2023-08-17 18:15:20.500409'),(11,34,'2023-08-17 18:13:29.648301'),(11,42,'2023-08-17 18:13:20.991195'),(11,43,'2023-08-17 18:15:40.231358'),(12,5,'2023-08-17 18:18:44.341279'),(12,42,'2023-08-17 18:18:18.928502'),(12,46,'2023-08-17 18:19:17.483393'),(14,5,'2023-08-17 20:09:47.355231'),(14,9,'2023-08-17 20:09:51.555273'),(14,34,'2023-08-17 20:09:48.795543'),(14,39,'2023-08-17 20:09:45.663164'),(14,44,'2023-08-17 20:09:55.534568'),(14,46,'2023-08-17 20:09:56.974345'),(14,59,'2023-08-17 20:09:53.081351'),(14,64,'2023-08-17 20:12:50.280767'),(15,26,'2023-08-17 18:14:05.296470'),(15,39,'2023-08-17 18:11:21.249139'),(15,42,'2023-08-17 18:11:56.893523'),(15,52,'2023-08-17 22:14:37.756175'),(15,56,'2023-08-17 22:14:54.978458'),(15,59,'2023-08-17 18:43:45.876039'),(15,60,'2023-08-17 22:14:50.993356'),(15,70,'2023-08-17 22:14:35.826535'),(15,71,'2023-08-17 22:14:49.203461'),(15,72,'2023-08-17 22:15:43.946801'),(15,82,'2023-08-17 22:14:29.296883'),(15,102,'2023-08-17 22:14:44.356223'),(16,5,'2023-08-17 23:56:55.161855'),(16,39,'2023-08-17 23:56:54.176675'),(16,42,'2023-08-17 18:12:36.178651'),(16,59,'2023-08-17 23:56:53.424782'),(17,42,'2023-08-17 20:32:53.614534'),(17,59,'2023-08-17 21:35:51.177750'),(17,62,'2023-08-17 20:06:58.561407'),(17,80,'2023-08-17 20:36:31.631769'),(17,81,'2023-08-17 20:36:32.674156'),(17,82,'2023-08-17 20:35:17.376333'),(17,119,'2023-08-17 21:36:09.384421'),(17,120,'2023-08-17 21:36:05.509819'),(17,123,'2023-08-17 21:36:02.953034'),(18,6,'2023-08-17 20:25:57.052936'),(18,7,'2023-08-17 20:25:54.333346'),(18,10,'2023-08-17 20:25:55.841083'),(18,11,'2023-08-17 20:25:58.152943'),(18,12,'2023-08-17 20:25:59.013179'),(18,14,'2023-08-17 20:25:59.942762'),(18,15,'2023-08-17 20:27:10.840439'),(18,16,'2023-08-17 20:26:00.843672'),(18,20,'2023-08-17 20:25:47.333505'),(18,21,'2023-08-17 20:26:05.442823'),(18,23,'2023-08-17 20:26:04.343232'),(18,24,'2023-08-17 20:26:03.352919'),(18,28,'2023-08-17 20:26:02.403187'),(18,29,'2023-08-17 20:26:07.005917'),(18,30,'2023-08-17 20:26:08.053140'),(18,31,'2023-08-17 20:26:09.373105'),(18,32,'2023-08-17 20:26:10.810808'),(18,33,'2023-08-17 20:26:24.082619'),(18,35,'2023-08-17 20:26:16.342924'),(18,36,'2023-08-17 20:26:15.362918'),(18,37,'2023-08-17 20:26:14.330742'),(18,38,'2023-08-17 20:26:26.130441'),(18,39,'2023-08-17 20:25:43.123640'),(18,41,'2023-08-17 20:20:24.435936'),(18,45,'2023-08-17 20:26:27.842610'),(18,46,'2023-08-17 20:21:20.305209'),(18,49,'2023-08-17 20:26:42.230226'),(18,51,'2023-08-17 20:21:29.945438'),(18,52,'2023-08-17 20:20:16.126435'),(18,53,'2023-08-17 20:26:33.190616'),(18,54,'2023-08-17 20:26:31.342870'),(18,56,'2023-08-17 20:20:13.756386'),(18,59,'2023-08-17 20:20:11.104222'),(18,63,'2023-08-17 20:20:05.637586'),(18,64,'2023-08-17 20:20:03.066223'),(18,72,'2023-08-17 20:26:56.842150'),(18,75,'2023-08-17 20:25:50.003385'),(19,59,'2023-08-17 20:28:16.887018'),(19,60,'2023-08-17 20:28:15.782013'),(19,65,'2023-08-17 20:28:13.107771'),(19,68,'2023-08-17 20:28:11.318577'),(19,70,'2023-08-17 20:28:09.339348'),(19,71,'2023-08-17 20:28:06.143062'),(19,76,'2023-08-17 20:28:04.289775'),(20,70,'2023-08-17 20:27:45.187207'),(20,71,'2023-08-17 20:27:42.982360'),(20,76,'2023-08-17 20:27:41.086346'),(20,79,'2023-08-17 20:30:15.295718'),(21,9,'2023-08-17 20:32:54.243445'),(21,36,'2023-08-17 20:32:39.333471'),(21,43,'2023-08-17 20:32:37.243212'),(21,45,'2023-08-17 20:32:36.231263'),(21,59,'2023-08-17 20:35:08.463593'),(21,63,'2023-08-17 20:32:12.521865'),(21,64,'2023-08-17 20:32:11.273928'),(21,72,'2023-08-17 20:32:07.643876'),(21,73,'2023-08-17 20:32:05.843586'),(21,74,'2023-08-17 20:32:04.943731'),(21,75,'2023-08-17 20:32:03.703799'),(21,77,'2023-08-17 20:31:56.983661'),(21,78,'2023-08-17 20:31:55.733860'),(22,5,'2023-08-17 20:47:41.643763'),(22,31,'2023-08-17 20:48:44.494216'),(22,39,'2023-08-17 20:37:51.622055'),(22,42,'2023-08-17 20:37:49.170056'),(22,46,'2023-08-17 20:39:25.501929'),(22,59,'2023-08-17 20:37:50.182081'),(22,63,'2023-08-17 20:45:39.103432'),(22,64,'2023-08-17 20:37:54.231681'),(22,72,'2023-08-17 20:45:35.593114'),(22,75,'2023-08-17 20:39:55.861388'),(22,76,'2023-08-17 20:45:38.002893'),(23,39,'2023-08-17 20:52:28.700228'),(23,43,'2023-08-17 20:52:43.203970'),(23,44,'2023-08-17 20:54:05.704188'),(23,63,'2023-08-17 20:53:13.374225'),(23,72,'2023-08-17 20:52:38.914046'),(23,75,'2023-08-17 20:52:37.683941'),(23,94,'2023-08-17 20:51:51.034645'),(23,109,'2023-08-17 23:36:26.300021'),(23,113,'2023-08-17 23:36:24.607024'),(23,117,'2023-08-17 23:36:23.421338'),(23,118,'2023-08-17 23:36:22.341533'),(23,122,'2023-08-17 23:36:21.249025'),(23,126,'2023-08-17 23:36:19.798957'),(23,130,'2023-08-17 23:36:18.108103'),(23,131,'2023-08-17 23:36:16.794265'),(23,132,'2023-08-17 23:36:14.781584'),(23,133,'2023-08-17 23:36:13.801179'),(23,134,'2023-08-17 23:36:12.880499'),(23,135,'2023-08-17 23:36:11.934722'),(23,136,'2023-08-17 23:36:10.156432'),(23,137,'2023-08-17 23:36:10.898740'),(23,138,'2023-08-17 23:35:30.814469'),(23,139,'2023-08-17 23:36:08.323119'),(24,5,'2023-08-17 20:53:26.855118'),(24,39,'2023-08-17 20:53:23.338588'),(24,42,'2023-08-17 20:53:21.821491'),(24,59,'2023-08-17 20:53:25.420484'),(26,39,'2023-08-17 21:00:57.338148'),(26,42,'2023-08-17 21:00:56.005108'),(26,59,'2023-08-17 21:00:58.753805'),(26,86,'2023-08-17 21:05:54.554802'),(26,89,'2023-08-17 21:05:51.557251'),(26,102,'2023-08-17 21:02:46.414712'),(26,107,'2023-08-17 21:05:13.748123'),(27,20,'2023-08-17 21:06:30.323932'),(27,44,'2023-08-17 21:03:28.334445'),(27,45,'2023-08-17 21:06:04.604447'),(27,69,'2023-08-17 21:08:12.394190'),(27,83,'2023-08-17 21:08:11.394178'),(27,84,'2023-08-17 21:08:14.273801'),(27,87,'2023-08-17 21:02:30.632220'),(27,89,'2023-08-17 21:02:48.412578'),(27,97,'2023-08-17 21:02:12.514009'),(27,98,'2023-08-17 21:02:13.904209'),(27,104,'2023-08-17 21:07:46.881910'),(27,106,'2023-08-17 21:14:37.301301'),(28,5,'2023-08-17 21:20:06.187292'),(28,9,'2023-08-17 21:20:14.857450'),(28,15,'2023-08-17 21:19:53.157690'),(28,31,'2023-08-17 21:19:54.166946'),(28,39,'2023-08-17 21:20:03.977394'),(28,44,'2023-08-17 21:20:13.678102'),(28,46,'2023-08-17 21:20:12.668195'),(28,52,'2023-08-17 21:19:51.695461'),(28,56,'2023-08-17 21:20:26.967659'),(28,59,'2023-08-17 21:20:05.075142'),(28,60,'2023-08-17 21:20:25.745701'),(28,63,'2023-08-17 21:20:08.005880'),(28,64,'2023-08-17 21:20:09.117685'),(28,70,'2023-08-17 21:19:50.647236'),(28,72,'2023-08-17 21:20:10.167641'),(28,75,'2023-08-17 21:20:11.167496'),(28,76,'2023-08-17 21:20:16.137617'),(28,82,'2023-08-17 21:20:23.739246'),(28,98,'2023-08-17 21:19:57.127501'),(28,102,'2023-08-17 21:19:55.853176'),(28,104,'2023-08-17 21:19:58.657229'),(28,106,'2023-08-17 21:19:59.887037'),(29,74,'2023-08-17 21:36:10.754908'),(29,78,'2023-08-17 21:36:08.794956'),(29,82,'2023-08-17 21:38:46.195211'),(29,105,'2023-08-17 21:35:51.734746'),(29,106,'2023-08-17 21:35:52.728961'),(29,121,'2023-08-17 21:38:41.753222'),(29,122,'2023-08-17 21:35:36.314890'),(29,124,'2023-08-17 21:35:44.775761'),(29,126,'2023-08-17 21:38:37.585384'),(29,130,'2023-08-17 23:29:22.713570'),(29,134,'2023-08-17 23:29:09.000315'),(36,59,'2023-08-18 11:26:39.970756'),(36,106,'2023-08-18 11:26:32.704256'),(37,39,'2023-08-18 00:33:00.941853');
/*!40000 ALTER TABLE `post_likes` ENABLE KEYS */;
UNLOCK TABLES;

--
-- Table structure for table `post_reports`
--

DROP TABLE IF EXISTS `post_reports`;
/*!40101 SET @saved_cs_client     = @@character_set_client */;
/*!50503 SET character_set_client = utf8mb4 */;
CREATE TABLE `post_reports` (
  `member_seq` bigint NOT NULL,
  `post_seq` bigint NOT NULL,
  `created_at` datetime(6) DEFAULT NULL,
  `post_report_category` varchar(20) DEFAULT NULL,
  `post_report_content` text,
  PRIMARY KEY (`member_seq`,`post_seq`),
  KEY `FKg4ifjodr4s71xu6pysw7p7uad` (`post_seq`),
  CONSTRAINT `FKg4ifjodr4s71xu6pysw7p7uad` FOREIGN KEY (`post_seq`) REFERENCES `posts` (`post_seq`),
  CONSTRAINT `FKjid28h67qxhi7y7cviv28iama` FOREIGN KEY (`member_seq`) REFERENCES `members` (`member_seq`)
) ENGINE=InnoDB DEFAULT CHARSET=utf8mb4 COLLATE=utf8mb4_0900_ai_ci;
/*!40101 SET character_set_client = @saved_cs_client */;

--
-- Dumping data for table `post_reports`
--

LOCK TABLES `post_reports` WRITE;
/*!40000 ALTER TABLE `post_reports` DISABLE KEYS */;
/*!40000 ALTER TABLE `post_reports` ENABLE KEYS */;
UNLOCK TABLES;

--
-- Table structure for table `posts`
--

DROP TABLE IF EXISTS `posts`;
/*!40101 SET @saved_cs_client     = @@character_set_client */;
/*!50503 SET character_set_client = utf8mb4 */;
CREATE TABLE `posts` (
  `post_seq` bigint NOT NULL AUTO_INCREMENT,
  `created_at` datetime(6) DEFAULT NULL,
  `deleted_at` datetime(6) DEFAULT NULL,
  `updated_at` datetime(6) DEFAULT NULL,
  `post_content` text,
  `member_seq` bigint NOT NULL,
  PRIMARY KEY (`post_seq`),
  KEY `FKocba638hw6feaw0hyg1yul99g` (`member_seq`),
  CONSTRAINT `FKocba638hw6feaw0hyg1yul99g` FOREIGN KEY (`member_seq`) REFERENCES `members` (`member_seq`)
) ENGINE=InnoDB AUTO_INCREMENT=153 DEFAULT CHARSET=utf8mb4 COLLATE=utf8mb4_0900_ai_ci;
/*!40101 SET character_set_client = @saved_cs_client */;

--
-- Dumping data for table `posts`
--

LOCK TABLES `posts` WRITE;
/*!40000 ALTER TABLE `posts` DISABLE KEYS */;
INSERT INTO `posts` VALUES (1,'2023-08-17 05:05:59.432383','2023-08-17 05:29:43.000000','2023-08-17 05:05:59.432383','asd',2),(2,'2023-08-17 05:20:20.696875','2023-08-17 05:29:12.000000','2023-08-17 05:20:20.696875','fadsfasd',1),(3,'2023-08-17 05:30:01.129727','2023-08-17 05:33:05.000000','2023-08-17 05:30:01.129727','김현욱김태현\r\n그리고\r\n한상우',1),(4,'2023-08-17 05:31:07.246389','2023-08-17 07:38:09.000000','2023-08-17 05:31:07.246389','asd\r\n',2),(5,'2023-08-17 05:41:52.910446',NULL,'2023-08-17 08:49:08.118124','햇빛 좋은 날',1),(6,'2023-08-17 06:31:47.666384',NULL,'2023-08-17 06:31:47.666384','벌써 가을이 오네요.. 여름 착장 공유해요ㅎㅎ',3),(7,'2023-08-17 06:35:37.814021',NULL,'2023-08-17 06:35:37.814021','요즘 모자가 이쁘네ㅎㅎ\r\n',3),(8,'2023-08-17 06:37:51.025180',NULL,'2023-08-17 06:37:51.025180','화장 진짜진짜진짜 잘 됐다!!!! 마라샹궈 먹으러 가야지~~',3),(9,'2023-08-17 06:39:38.270988',NULL,'2023-08-17 06:39:38.270988','타로 보러갔는데 사장님이 옷 잘입는다고 찍어줬당ㅎ',3),(10,'2023-08-17 06:41:14.904308',NULL,'2023-08-17 06:41:14.904308','비오는 기념으로 청청 깔맞춤 ☂️',3),(11,'2023-08-17 06:43:24.561398',NULL,'2023-08-17 06:43:24.561398','붕어빵 먹으러 나갈 준비 끝!!',3),(12,'2023-08-17 06:46:05.270153',NULL,'2023-08-17 06:46:05.270153','도쿄 여행 중 이쁜 거울이 보인당',3),(13,'2023-08-17 06:50:24.760924',NULL,'2023-08-17 06:50:24.760924','홍대 3시 3번 출구 앞에서 만나요~',4),(14,'2023-08-17 06:51:40.599914',NULL,'2023-08-17 06:51:40.599914','오늘의 데일리룩~',4),(15,'2023-08-17 06:52:36.288209',NULL,'2023-08-17 06:52:36.288209','폰 케이스 바꾼거 자랑해야지ㅎㅎ',4),(16,'2023-08-17 06:53:45.296464',NULL,'2023-08-17 06:53:45.296464','너무 더워... 봄이 그립당',4),(17,'2023-08-17 06:55:17.325217',NULL,'2023-08-17 06:55:17.325217','이러고 운동하러 갈건데 어떤가요??',4),(18,'2023-08-17 07:06:14.407051',NULL,'2023-08-17 07:06:14.407051','네잎클로버를 찾으면 행운이 온다고 한다ㅎㅎ',5),(19,'2023-08-17 07:06:58.486687',NULL,'2023-08-17 07:06:58.486687','밤에 산책하러 나왔는데, 맥주가 먹고 싶다ㅎㅎ',5),(20,'2023-08-17 07:07:32.102655',NULL,'2023-08-17 07:07:32.102655','어제 무신사에서 산 옷인데 너무 튀려나..??',5),(21,'2023-08-17 07:07:50.460398',NULL,'2023-08-17 07:07:50.460398','우정샷.!',5),(22,'2023-08-17 07:08:20.584865',NULL,'2023-08-17 07:08:20.584865','오늘 어깨 하러 갑니다. 스포애니 역삼점에서 봐요 형님들',5),(23,'2023-08-17 07:09:12.493863',NULL,'2023-08-17 07:09:12.493863','오늘 하체운동을 위해 레깅스 샀다!! 3대 30을 위해!',5),(24,'2023-08-17 07:14:10.757792',NULL,'2023-08-17 07:14:10.757792','경주에서 십원빵 먹고 갑니다~',6),(25,'2023-08-17 07:14:47.390067',NULL,'2023-08-17 07:14:47.390067','10년지기 동네 친구 결혼식날ㅎㅎ 기대된당 &gt;&lt;',6),(26,'2023-08-17 07:15:11.084187',NULL,'2023-08-17 07:15:11.084187','여름 너무 더워서 반삭했당ㅎ',6),(27,'2023-08-17 07:20:10.941200',NULL,'2023-08-17 07:20:10.941200','출근 첫날!! 힘들지만 재밌다@!!!!',7),(28,'2023-08-17 07:20:30.762838',NULL,'2023-08-17 07:20:30.762838','오늘도 화이팅!!~@!',7),(29,'2023-08-17 07:21:17.169250',NULL,'2023-08-17 07:21:17.169250','오늘 점심 짬뽕 먹는데.. 흰옷 입고 왔당ㅠ',7),(30,'2023-08-17 07:21:49.036996',NULL,'2023-08-17 07:21:49.036996','미팅 가는데 단정한 복장 이정도면 되려나..?',7),(31,'2023-08-17 07:22:11.201045',NULL,'2023-08-17 07:22:11.201045','누가 제 남동생좀 구해주세요...',7),(32,'2023-08-17 07:25:37.876779',NULL,'2023-08-17 07:25:37.876779','데이트 갈 건데 어떤가요?',8),(33,'2023-08-17 07:26:10.773823',NULL,'2023-08-17 07:26:10.773823','된장포스 개시 1일차!',8),(34,'2023-08-17 07:26:34.415058',NULL,'2023-08-17 07:26:34.415058','소개팅 기다리다가 한 컷 찍습니다~',8),(35,'2023-08-17 07:26:54.043050',NULL,'2023-08-17 07:26:54.043050','수염 기르고 있는데 어때보여요?',8),(36,'2023-08-17 07:27:20.851830',NULL,'2023-08-17 07:27:20.851830','이러고 가니까 교수님이 등산가자네요..',8),(37,'2023-08-17 07:33:53.076286',NULL,'2023-08-17 07:33:53.076286','부산 촌놈의 서울 구경~',8),(38,'2023-08-17 07:34:32.313050',NULL,'2023-08-17 07:34:32.313050','오늘의 소개팅 룩ㅎㅎ',8),(39,'2023-08-17 07:38:38.015732',NULL,'2023-08-17 07:38:38.015732','Ba baba baba',2),(40,'2023-08-17 08:53:07.519090','2023-08-17 18:04:05.000000','2023-08-17 18:03:32.094210','fasdfasdfasdfasdf',1),(41,'2023-08-17 18:11:16.158268',NULL,'2023-08-17 18:11:16.158268','가을엔 청을 입어요',15),(42,'2023-08-17 18:11:21.556447',NULL,'2023-08-17 18:11:21.556447','현충일에 서울대에서',14),(43,'2023-08-17 18:11:48.701709',NULL,'2023-08-17 18:11:48.701709','오늘의 일상룩이에요 초록생이 너무 예뻐요',15),(44,'2023-08-17 18:16:27.008748',NULL,'2023-08-17 18:16:27.008748','여름이다아ㅎㅎ?',16),(45,'2023-08-17 18:16:50.903914',NULL,'2023-08-17 18:16:50.903914','기분전환!',1),(46,'2023-08-17 18:17:31.741631','2023-08-17 23:47:51.000000','2023-08-17 18:17:31.741631','여름엔 흰 티가 짱짱?',16),(47,'2023-08-17 18:18:52.130523',NULL,'2023-08-17 18:18:52.130523','어느 봄날에 와인 한 잔',14),(48,'2023-08-17 18:19:40.181715',NULL,'2023-08-17 18:19:40.181715','준혁이랑 삼겹살 먹으러 신촌 방문',14),(49,'2023-08-17 18:21:06.381942',NULL,'2023-08-17 18:21:06.381942','쓰껄~',1),(50,'2023-08-17 18:21:07.521191','2023-08-17 18:21:17.000000','2023-08-17 18:21:07.521191','쓰껄~',1),(51,'2023-08-17 18:21:39.239970',NULL,'2023-08-17 18:21:39.239970','사물함 도둑 패션',1),(52,'2023-08-17 18:23:09.545383',NULL,'2023-08-17 18:23:09.545383','오늘의 데일리룩',12),(53,'2023-08-17 18:23:58.375383',NULL,'2023-08-17 18:23:58.375383','미션 컴플릿',1),(54,'2023-08-17 18:24:31.859095',NULL,'2023-08-17 18:24:31.859095','오늘의 데일리룩2',12),(55,'2023-08-17 18:25:19.487393',NULL,'2023-08-17 18:25:19.487393','야구를 좋아하진 않지만 모자 쓰는 건 재밌어',14),(56,'2023-08-17 18:25:56.966501',NULL,'2023-08-17 18:25:56.966501','오운완',1),(57,'2023-08-17 18:26:08.047733',NULL,'2023-08-17 18:26:08.047733','새로운 맨투맨 개시!',14),(58,'2023-08-17 18:31:34.631790',NULL,'2023-08-17 18:31:34.631790','오늘의 운동시간',15),(59,'2023-08-17 18:43:33.213233',NULL,'2023-08-17 18:43:33.213233','생일룩',15),(60,'2023-08-17 20:03:20.337680',NULL,'2023-08-17 20:03:20.337680','제주도에서',14),(61,'2023-08-17 20:04:37.729819',NULL,'2023-08-17 20:04:37.729819','사진 찍으려니까 갑자기 뾰로통해진 루이랑',14),(62,'2023-08-17 20:06:42.512047',NULL,'2023-08-17 20:06:42.512047','전시 보던 중에',14),(63,'2023-08-17 20:06:44.157262','2023-08-17 23:29:56.000000','2023-08-17 20:06:44.157262','햇빛 강한 여름엔 얇은 긴팔이 짱?',17),(64,'2023-08-17 20:08:15.798289','2023-08-17 23:29:52.000000','2023-08-17 20:34:51.930833','게시글 수정하는 거 보여주려고 수정함',17),(65,'2023-08-17 20:08:53.834844',NULL,'2023-08-17 20:08:53.834844','추웠던 어느날',14),(66,'2023-08-17 20:09:38.167561',NULL,'2023-08-17 20:09:38.167561','새해!',14),(67,'2023-08-17 20:15:54.798622',NULL,'2023-08-17 20:15:54.798622','덕수궁이 내려다보이는 곳에서',18),(68,'2023-08-17 20:16:41.197248',NULL,'2023-08-17 20:16:41.197248','비가 오던 겨울의 낮',18),(69,'2023-08-17 20:17:36.372684',NULL,'2023-08-17 20:17:36.372684','벽화 속의 소녀를 따라해보아요',18),(70,'2023-08-17 20:18:35.957167',NULL,'2023-08-17 20:18:35.957167','따듯한 가을날 오후의 햇살을 받으며',18),(71,'2023-08-17 20:19:54.259470',NULL,'2023-08-17 20:19:54.259470','그냥 갑자기 한 컷',18),(72,'2023-08-17 20:20:07.015804',NULL,'2023-08-17 20:20:07.015804','마룻바닥에 누워있는 거 아님',19),(73,'2023-08-17 20:20:46.685870',NULL,'2023-08-17 20:20:46.685870','난 무슨 톤일까',19),(74,'2023-08-17 20:21:37.027417',NULL,'2023-08-17 20:21:37.027417','후드 코트 조합 조아',19),(75,'2023-08-17 20:24:59.908504',NULL,'2023-08-17 20:24:59.908504','손이 시려워 꽁 발이 시려워 꽁',20),(76,'2023-08-17 20:25:20.841623',NULL,'2023-08-17 20:25:20.841623','승훈이랑 전시 본 날!',18),(77,'2023-08-17 20:25:49.286747',NULL,'2023-08-17 20:25:49.286747','헤드셋 좋아맨?',20),(78,'2023-08-17 20:26:23.373692',NULL,'2023-08-17 20:26:23.373692','파랑 좋아 맨?',20),(79,'2023-08-17 20:29:57.951911',NULL,'2023-08-17 20:29:57.951911','아이 더워',21),(80,'2023-08-17 20:31:47.055639',NULL,'2023-08-17 20:31:47.055639','신대방역에서',21),(81,'2023-08-17 20:34:19.819828',NULL,'2023-08-17 20:34:19.819828','몬드리안 호텔 옥상에서',21),(82,'2023-08-17 20:35:04.513861',NULL,'2023-08-17 20:35:04.513861','여기봐봐',21),(83,'2023-08-17 20:37:41.166757',NULL,'2023-08-17 20:37:41.166757','작년 여름 보라매공원에서',22),(84,'2023-08-17 20:41:01.986427',NULL,'2023-08-17 20:41:01.986427','안뇽 난 채채',17),(85,'2023-08-17 20:41:30.954499',NULL,'2023-08-17 20:41:30.954499','옙흔릐냐',17),(86,'2023-08-17 20:42:05.776564',NULL,'2023-08-17 20:42:05.776564','if you over me',17),(87,'2023-08-17 20:42:59.191848',NULL,'2023-08-17 20:42:59.191848','안뇽 난 윈깅이야',17),(88,'2023-08-17 20:43:14.374253',NULL,'2023-08-17 20:43:14.374253','여름에는 화이트',22),(89,'2023-08-17 20:43:19.844055',NULL,'2023-08-17 20:43:19.844055','사실 민정이지롱 ㅎ헤ㅔ',17),(90,'2023-08-17 20:43:52.741068',NULL,'2023-08-17 20:43:52.741068','복날에는 역시 삼계탕이지',22),(91,'2023-08-17 20:44:43.099041',NULL,'2023-08-17 20:44:43.099041','노티드 맛있었다',22),(92,'2023-08-17 20:46:24.564763',NULL,'2023-08-17 20:46:24.564763','아이 맛있어',22),(93,'2023-08-17 20:50:40.843804',NULL,'2023-08-17 20:50:40.843804','아이맛있어',23),(94,'2023-08-17 20:51:41.118627',NULL,'2023-08-17 20:51:41.118627','안뇽 난 표지후니',24),(95,'2023-08-17 20:51:43.843554',NULL,'2023-08-17 20:51:43.843554','밀크티 맛집인데 밀크티 품절',23),(96,'2023-08-17 20:52:02.740617',NULL,'2023-08-17 20:52:02.740617','지후니 치케 먹는다',24),(97,'2023-08-17 20:52:27.314726',NULL,'2023-08-17 20:52:27.314726','오렌지로 포인트 좀 줘봤숨다 ㅋ',24),(98,'2023-08-17 20:54:31.240631',NULL,'2023-08-17 20:54:31.240631','후드가 조아요',24),(99,'2023-08-17 20:55:00.269772',NULL,'2023-08-17 20:55:00.269772','능라도 어복쟁반 JMT',23),(100,'2023-08-17 20:56:17.657747',NULL,'2023-08-17 20:56:17.657747','아이 맛있어',23),(101,'2023-08-17 20:59:33.040813',NULL,'2023-08-17 20:59:33.040813','캠핑 조아',23),(102,'2023-08-17 21:02:06.281258',NULL,'2023-08-17 21:02:06.281258','카메라 속 카메라',27),(103,'2023-08-17 21:02:34.245603',NULL,'2023-08-17 21:02:34.245603','풍선껌을 불어보자 후후',26),(104,'2023-08-17 21:03:42.949930',NULL,'2023-08-17 21:03:42.949930','연보라보라해?',26),(105,'2023-08-17 21:04:21.125714',NULL,'2023-08-17 21:04:21.125714','연두해요? 연두해요?',26),(106,'2023-08-17 21:05:01.146649',NULL,'2023-08-17 21:05:01.146649','제 패션 어떤가요? 평가좀ㅎ',26),(107,'2023-08-17 21:05:02.718661',NULL,'2023-08-17 21:05:02.718661','석현이 보러 신촌 갔는데 벚꽃도 봄!',27),(108,'2023-08-17 21:07:30.551365',NULL,'2023-08-17 21:07:30.551365','권이랑 일하다가 머리 식히러 나온 날',27),(109,'2023-08-17 21:14:32.335756',NULL,'2023-08-17 21:14:32.335756','열심히 비행기 접는 상우랑 태현이',27),(110,'2023-08-17 21:16:12.224884',NULL,'2023-08-17 21:16:12.224884','메리크리스마스',28),(111,'2023-08-17 21:17:07.874315',NULL,'2023-08-17 21:17:07.874315','필름은 실내에서 찍으면 안돼',28),(112,'2023-08-17 21:17:55.716274',NULL,'2023-08-17 21:17:55.716274','꽃과 함께 사진',28),(113,'2023-08-17 21:18:32.488630',NULL,'2023-08-17 21:18:32.488630','직장인 한컷',28),(114,'2023-08-17 21:31:04.686073',NULL,'2023-08-17 21:31:04.686073','여름에는 아무래도 편하고 시원한 스타일이 제일이죠~',29),(115,'2023-08-17 21:31:12.237403',NULL,'2023-08-17 21:31:12.237403','한낮 여름 호수 패션',17),(116,'2023-08-17 21:31:36.904050',NULL,'2023-08-17 21:31:36.904050','밤에 꽃구경 가는 패션',17),(117,'2023-08-17 21:31:59.654302',NULL,'2023-08-17 21:31:59.654302','오늘 컨설팅도 성공적!',17),(118,'2023-08-17 21:32:29.358434',NULL,'2023-08-17 21:32:29.358434','오늘도 뿌듯한 하루였다!',17),(119,'2023-08-17 21:32:30.402424',NULL,'2023-08-17 21:32:30.402424','은근히 활용하기 어려운 크롭티! 하이웨스트랑 매치해보아요',29),(120,'2023-08-17 21:33:16.811130',NULL,'2023-08-17 21:33:16.811130','흔한 것 같은 모나미룩! 디테일을 조금만 잡아주면 훨씬 세련되어보여요',29),(121,'2023-08-17 21:33:52.772309',NULL,'2023-08-17 21:33:52.772309','9월 컨설팅 예약폼 열렸습니다! 제 프로필 보시고 예약 신청해주세요?‍♀️',17),(122,'2023-08-17 21:34:57.567889',NULL,'2023-08-17 21:34:57.567889','내가 뽑은 저번 달 베스트샷ㅎㅎ \r\n컨설팅 예약폼 열려있습니다~~~!',17),(123,'2023-08-17 21:35:30.501089',NULL,'2023-08-17 21:35:30.501089','여름에 너무 덥지만 지하철이나 실내는 추울 수 있잖아요~ 그럴 땐 반팔위에 긴팔을 레이어드해서 멋과 실용성을 함께 잡아보아요',29),(124,'2023-08-17 21:35:39.463708',NULL,'2023-08-17 21:35:39.463708','헤드셋 패션으로 쓰는 사람~~ 저요저요?‍♀️',17),(125,'2023-08-17 21:37:18.728756',NULL,'2023-08-17 21:37:18.728756','남자가 핑크색을 입는다고? 라는 고정관념은 이제 옛말! 포인트가 될 수 있게 매치해보아요~^^',29),(126,'2023-08-17 21:38:15.361249',NULL,'2023-08-17 21:38:15.361249','퍼스널컬러 맛집이 어디라구~~~? 바로 요기? 컨설팅 상담폼 열었습니다. 신청 고고고!',17),(127,'2023-08-17 21:38:31.394387',NULL,'2023-08-17 21:38:31.394387','놀러갈 때 안꾸미긴 좀 그렇고 그렇다고 너무 과하게 꾸미면 불편하잖아요. 이럴 땐 톤온톤 코디로 자연스럽고 편안하게 매치해보아요~',29),(128,'2023-08-17 21:39:20.980614',NULL,'2023-08-17 21:39:20.980614','유럽여행룩 컨설팅 신청하신 분 덕분에 오랜만에 꺼내본 유럽여행 사진들ㅎㅎ 나 참 예뻤다!',17),(129,'2023-08-17 21:41:46.719930',NULL,'2023-08-17 21:41:46.719930','파티룩 컨설팅 때 입었던 룩ㅎㅎ 현실은 나홀로 와인파티?',17),(130,'2023-08-17 21:42:36.024125',NULL,'2023-08-17 21:42:36.024125','기분내고 싶을 때 딱 좋은 오프숄더?',17),(131,'2023-08-17 21:42:58.410290',NULL,'2023-08-17 21:42:58.410290','8월 캔슬된 타임 알려드립니다! 몇 자리 안남았으니 필요하신 분들은 빠르게 예약 부탁드려요 ?\r\n- 8월 21일 오전 10시, 오후 4시\r\n- 8월 23일 오후 3시\r\n- 8월 28일 오전 11시, 오후 1시, 오후 5시\r\n- 8월 29일 오전 9시',29),(132,'2023-08-17 21:43:56.387160',NULL,'2023-08-17 21:43:56.387160','봄 나들이 갈 때 꾸민 듯 안 꾸민듯 자연스럽게 입어보아요',29),(133,'2023-08-17 21:44:18.021078',NULL,'2023-08-17 21:44:18.021078','9월 컨설팅 신청폼 마감합니다???',17),(134,'2023-08-17 21:45:41.628989',NULL,'2023-08-17 21:45:41.628989','오랜만에 맞이한 휴일',17),(135,'2023-08-17 21:46:58.698245',NULL,'2023-08-17 21:46:58.698245','꼭 한가지 색으로만 매칭해야 한다는 보장은 없으니까요~',29),(136,'2023-08-17 21:48:15.743149',NULL,'2023-08-17 21:48:15.743149','시험기간에도 멋진 선배 느낌 낭낭하게!',29),(137,'2023-08-17 23:29:02.985764',NULL,'2023-08-17 23:29:02.985764','격식을 갖춰야 하는 자리는 아니지만 그래도 신경쓴 듯한 느낌을 주고 싶을 때! 청바지와 셔츠를 매치해보세요.',29),(138,'2023-08-17 23:32:33.725042',NULL,'2023-08-17 23:32:33.725042','요즘은 꼭 정장 입고 출근하지 않아도 되잖아요~ 봄이 왔지만 너무 화사한 색은 싫다거나, 검은색이 잘 어울리는 분들은 연청과 검은색으로 코디해보는 건 어떨까요?',29),(139,'2023-08-17 23:34:04.372176',NULL,'2023-08-17 23:34:04.372176','크롭티에 핫팬츠는 빼놓을 수 없는 최고의 조합이죠~',29),(140,'2023-08-17 23:38:33.354144',NULL,'2023-08-17 23:38:33.354144','오늘의 추천룩입니다.',30),(141,'2023-08-17 23:39:30.481169',NULL,'2023-08-17 23:39:30.481169','오늘의 추천룩입니다.',30),(142,'2023-08-17 23:40:16.893817',NULL,'2023-08-17 23:40:16.893817','오늘의 추천룩입니다.',30),(143,'2023-08-17 23:41:29.137540',NULL,'2023-08-17 23:41:29.137540','오늘의 추천룩입니다. 바지는 너무 딱 달라붙지 않는 흰색/남색/검은색 슬랙스 계열로 맞춰주시면 잘 어울릴거에요~',30),(144,'2023-08-17 23:42:40.621714',NULL,'2023-08-17 23:42:40.621714','오늘의 추천룩입니다.',30),(145,'2023-08-17 23:43:31.618056',NULL,'2023-08-17 23:43:31.618056','오늘의 추천 코디입니다',30),(146,'2023-08-17 23:44:43.096503',NULL,'2023-08-17 23:44:43.096503','반바지만 입으면 너무 안꾸민 느낌이 난다면 셔츠랑 입어보세요',30),(147,'2023-08-17 23:46:23.378973',NULL,'2023-08-17 23:46:23.378973','저도 종종 애용하는 고무줄바지에요~ 카키색은 무슨 색이랑 입어야 하나 고민되시면 흰색을 선택해봐요',30),(148,'2023-08-17 23:47:51.926538',NULL,'2023-08-17 23:47:51.926538','오늘의 추천 코디입니다',30),(149,'2023-08-17 23:50:10.858981','2023-08-18 00:07:16.000000','2023-08-17 23:50:10.858981','우앙 첫 게시글',16),(150,'2023-08-17 23:51:10.105119','2023-08-18 00:07:11.000000','2023-08-17 23:51:10.105119','빵모자 양갈래 이젠 못하는 것들',16),(151,'2023-08-17 23:52:39.668055','2023-08-18 00:07:05.000000','2023-08-17 23:52:39.668055','동화가든 짬뽕순두부도 맛있는데 모두부가 찐임',16),(152,'2023-08-18 00:50:06.546112',NULL,'2023-08-18 00:50:06.546112','주황주황 핑크핑크',20);
/*!40000 ALTER TABLE `posts` ENABLE KEYS */;
UNLOCK TABLES;

--
-- Table structure for table `reservations`
--

DROP TABLE IF EXISTS `reservations`;
/*!40101 SET @saved_cs_client     = @@character_set_client */;
/*!50503 SET character_set_client = utf8mb4 */;
CREATE TABLE `reservations` (
  `reservation_seq` bigint NOT NULL AUTO_INCREMENT,
  `created_at` datetime(6) DEFAULT NULL,
  `deleted_at` datetime(6) DEFAULT NULL,
  `updated_at` datetime(6) DEFAULT NULL,
  `reservation_date` datetime(6) DEFAULT NULL,
  `reservation_detail` varchar(200) DEFAULT NULL,
  `member_seq` bigint NOT NULL,
  `schedule_seq` bigint NOT NULL,
  PRIMARY KEY (`reservation_seq`),
  KEY `FKpcbfi58gljficcurbp3d6pxv5` (`member_seq`),
  KEY `FKr7v9hc8esv6mfyff7rdj3umgv` (`schedule_seq`),
  CONSTRAINT `FKpcbfi58gljficcurbp3d6pxv5` FOREIGN KEY (`member_seq`) REFERENCES `members` (`member_seq`),
  CONSTRAINT `FKr7v9hc8esv6mfyff7rdj3umgv` FOREIGN KEY (`schedule_seq`) REFERENCES `consultant_schedule` (`schedule_seq`)
) ENGINE=InnoDB AUTO_INCREMENT=24 DEFAULT CHARSET=utf8mb4 COLLATE=utf8mb4_0900_ai_ci;
/*!40101 SET character_set_client = @saved_cs_client */;

--
-- Dumping data for table `reservations`
--

LOCK TABLES `reservations` WRITE;
/*!40000 ALTER TABLE `reservations` DISABLE KEYS */;
INSERT INTO `reservations` VALUES (1,'2023-08-18 00:29:23.071727',NULL,'2023-08-18 00:29:23.305345','2023-08-25 11:00:00.000000','남자답게 해주세요',4,50),(2,'2023-08-18 00:33:51.463034',NULL,'2023-08-18 00:33:51.794564','2023-08-25 09:00:00.000000','첨부한 사진 같은 느낌을 좋아해요!',14,48),(3,'2023-08-18 01:00:04.095214',NULL,'2023-08-18 01:13:59.742747','2023-08-01 11:00:00.000000','하객룩 상담받고 싶어요',16,90),(4,'2023-08-18 01:02:44.879541',NULL,'2023-08-18 01:02:45.918220','2023-08-10 10:00:00.000000','잘 부탁드려요~',14,129),(5,'2023-08-18 01:14:15.400219',NULL,'2023-08-18 01:14:15.609158','2023-08-15 11:00:00.000000','이런 느낌으로 입고 싶은데, 청청은 어려워요',23,213),(6,'2023-08-18 01:17:19.313928',NULL,'2023-08-18 01:17:19.493041','2023-08-23 12:00:00.000000','곧 소개팅이 잡혔는데 저번에 컨설팅 너무 잘 해주셨던게 기억나서요.. 이런 느낌으로 입고 가면 될까요? 저한테 어울릴만한 스타일 있으면 추천해주세요!',23,227),(7,'2023-08-18 01:19:50.868801',NULL,'2023-08-18 01:19:50.870568','2023-08-03 10:00:00.000000','수학여행 갈 때 입을 옷 골라주세요',16,324),(8,'2023-08-18 01:20:21.656622',NULL,'2023-08-18 01:20:21.658547','2023-06-07 10:00:00.000000','선호하는 스타일은 없고.. 그냥 저한테 어울릴만한 스타일을 찾고 싶어요',23,339),(9,'2023-08-18 01:22:59.346218',NULL,'2023-08-18 01:22:59.521853','2023-08-07 09:00:00.000000','낼 중요한 미팅이 있는데 옷 좀 골라주세요',16,355),(10,'2023-08-18 01:25:37.987219',NULL,'2023-08-18 01:25:37.989522','2023-08-09 12:00:00.000000','주말 데이트룩 골라주세요',16,363),(11,'2023-08-18 01:27:00.678049',NULL,'2023-08-18 01:27:01.225165','2023-08-10 12:00:00.000000','이런 스타일들 도전해보고 싶어요~',28,131),(13,'2023-08-18 01:31:46.963816',NULL,'2023-08-18 01:31:46.965463','2023-08-19 12:00:00.000000','',16,414),(14,'2023-08-18 01:31:51.192198',NULL,'2023-08-18 01:31:51.193774','2023-08-18 12:00:00.000000','예쁘게 부탁드려욧',28,33),(15,'2023-08-18 01:32:30.658651',NULL,'2023-08-18 01:32:30.660251','2023-08-22 11:00:00.000000','잘부탁드려용',28,252),(16,'2023-08-18 01:33:44.372151',NULL,'2023-08-18 01:33:44.373805','2023-08-23 10:00:00.000000','잘부탁드려요~!',23,374),(17,'2023-08-18 02:31:24.454499',NULL,'2023-08-18 02:31:25.211877','2023-08-18 11:00:00.000000','멋진 남자가 되고싶어요ㅠㅠㅠㅠ',2,32),(19,'2023-08-18 09:04:10.382101',NULL,'2023-08-18 09:04:10.384461','2023-08-22 12:00:00.000000','',14,369),(21,'2023-08-18 10:31:57.635703',NULL,'2023-08-18 10:31:58.351918','2023-08-18 08:00:00.000000','마른몸매',1,153),(22,'2023-08-18 10:36:08.579590',NULL,'2023-08-18 10:36:08.806941','2023-08-18 11:00:00.000000','마른 몸매',1,156),(23,'2023-08-18 10:37:15.721804',NULL,'2023-08-18 10:37:15.935631','2023-08-14 19:00:00.000000','잘부탁드려용',14,208);
/*!40000 ALTER TABLE `reservations` ENABLE KEYS */;
UNLOCK TABLES;

--
-- Table structure for table `reviews`
--

DROP TABLE IF EXISTS `reviews`;
/*!40101 SET @saved_cs_client     = @@character_set_client */;
/*!50503 SET character_set_client = utf8mb4 */;
CREATE TABLE `reviews` (
  `review_seq` bigint NOT NULL AUTO_INCREMENT,
  `created_at` datetime(6) DEFAULT NULL,
  `deleted_at` datetime(6) DEFAULT NULL,
  `updated_at` datetime(6) DEFAULT NULL,
  `review_content` varchar(200) DEFAULT NULL,
  `review_grade` float DEFAULT NULL,
  `reservation_seq` bigint DEFAULT NULL,
  PRIMARY KEY (`review_seq`),
  KEY `FK8ypbk015a7tguwvol90jity9m` (`reservation_seq`),
  CONSTRAINT `FK8ypbk015a7tguwvol90jity9m` FOREIGN KEY (`reservation_seq`) REFERENCES `reservations` (`reservation_seq`)
) ENGINE=InnoDB AUTO_INCREMENT=8 DEFAULT CHARSET=utf8mb4 COLLATE=utf8mb4_0900_ai_ci;
/*!40101 SET character_set_client = @saved_cs_client */;

--
-- Dumping data for table `reviews`
--

LOCK TABLES `reviews` WRITE;
/*!40000 ALTER TABLE `reviews` DISABLE KEYS */;
INSERT INTO `reviews` VALUES (1,'2023-08-18 01:04:50.559349',NULL,'2023-08-18 01:04:50.559349','진짜 웬만하면 후기 잘 안 쓰는데 탄산님 진짜 최고예요? 그냥 보자마자 여쿨라인 거 딱 알아보시구 찰떡같은 원피스 추천해주셨어요! 눈썰미 무엇,,, 넘 만족스러워요!!! 담에 또 중요한 일 앞두면 상담 받으러 오겠습니당ㅎㅎ',5,3),(2,'2023-08-18 01:04:54.746951',NULL,'2023-08-18 01:04:54.746951','너무 친절하셨구 도움도 많이 됐어요~!',5,4),(3,'2023-08-18 01:21:52.258668',NULL,'2023-08-18 01:21:52.258668','컨설턴트님 너무 친절하시고 자세하게 설명해주셨어요. 옷 핏이 묘하게 안좋아서 고민이었는데 제 체형을 살릴 수 있는 방법도 알려주셔서 감사합니다. 말씀하신대로 스타일 변화를 위해 다이어트도 시도해보려고 해요!',5,8),(4,'2023-08-18 01:27:06.665685',NULL,'2023-08-18 01:27:06.665685','왜 점점 대충해주시는 거 같죠ㅠㅠㅠ? ',4,10),(5,'2023-08-18 01:27:33.882282',NULL,'2023-08-18 01:27:33.882282','넘 감사합니당ㅎㅎㅎ',5,10),(6,'2023-08-18 01:28:40.091761',NULL,'2023-08-18 01:28:40.091761','원하는 스타일이 있는데 적용하지 못해서 고민이었는데 저한테 어울릴만한 옷도 찾아주시고 너무 감사합니다~! 새학기 때 입고 다닐래요 ㅎㅎㅎ',5,11),(7,'2023-08-18 01:34:28.276549',NULL,'2023-08-18 01:34:28.276549','컨설턴트님이 친절하시고 좋았어요',5,8);
/*!40000 ALTER TABLE `reviews` ENABLE KEYS */;
UNLOCK TABLES;
/*!40103 SET TIME_ZONE=@OLD_TIME_ZONE */;

/*!40101 SET SQL_MODE=@OLD_SQL_MODE */;
/*!40014 SET FOREIGN_KEY_CHECKS=@OLD_FOREIGN_KEY_CHECKS */;
/*!40014 SET UNIQUE_CHECKS=@OLD_UNIQUE_CHECKS */;
/*!40101 SET CHARACTER_SET_CLIENT=@OLD_CHARACTER_SET_CLIENT */;
/*!40101 SET CHARACTER_SET_RESULTS=@OLD_CHARACTER_SET_RESULTS */;
/*!40101 SET COLLATION_CONNECTION=@OLD_COLLATION_CONNECTION */;
/*!40111 SET SQL_NOTES=@OLD_SQL_NOTES */;

-- Dump completed on 2023-08-18 11:26:49
